id,name,team,position,total_points,round,minutes,goals_scored,assists,clean_sheets,goals_conceded,own_goals,penalties_saved,penalties_missed,yellow_cards,red_cards,saves,bonus,bps,influence,creativity,threat,ict_index,starts,expected_goals,expected_assists,expected_goal_involvements,expected_goals_conceded
339,Virgil,12,2,6,1,90,0,0,1,0,0,0,0,0,0,0,0,24,8.8,1.5,4.0,1.4,1,0.00,0.01,0.01,0.45
339,Virgil,12,2,7,2,90,0,0,1,0,0,0,0,0,0,0,1,31,20.0,1.1,17.0,3.8,1,0.02,0.01,0.03,0.36
339,Virgil,12,2,5,3,90,0,0,1,0,0,0,0,1,0,0,0,28,30.4,11.0,0.0,4.1,1,0.00,0.03,0.03,1.36
339,Virgil,12,2,2,4,90,0,0,0,1,0,0,0,0,0,0,0,9,28.6,2.2,14.0,4.5,1,0.14,0.02,0.16,0.44
339,Virgil,12,2,6,5,90,0,0,1,0,0,0,0,0,0,0,0,28,18.6,0.7,0.0,1.9,1,0.00,0.00,0.00,1.08
339,Virgil,12,2,2,6,90,0,0,0,1,0,0,0,0,0,0,0,12,20.4,1.4,0.0,2.2,1,0.00,0.02,0.02,0.63
339,Virgil,12,2,8,7,90,0,0,1,0,0,0,0,0,0,0,2,31,19.8,11.2,4.0,3.5,1,0.03,0.09,0.12,0.64
339,Virgil,12,2,2,8,90,0,0,0,1,0,0,0,0,0,0,0,9,11.0,0.2,4.0,1.5,1,0.02,0.00,0.02,0.99
339,Virgil,12,2,7,9,90,1,0,0,2,0,0,0,0,0,0,0,22,54.0,12.3,37.0,10.3,1,0.25,0.03,0.28,1.03
339,Virgil,12,2,5,10,90,0,1,0,1,0,0,0,0,0,0,0,14,38.4,11.3,2.0,5.2,1,0.00,0.01,0.01,1.01
339,Virgil,12,2,6,11,90,0,0,1,0,0,0,0,0,0,0,0,28,22.0,12.2,0.0,3.4,1,0.00,0.02,0.02,1.50
350,Gvardiol,13,2,7,1,90,0,0,1,0,0,0,0,0,0,0,1,30,23.2,3.3,5.0,3.2,1,0.03,0.02,0.05,1.01
350,Gvardiol,13,2,2,2,90,0,0,0,1,0,0,0,0,0,0,0,14,15.4,7.8,2.0,2.5,1,0.00,0.04,0.04,0.29
350,Gvardiol,13,2,2,3,87,0,0,0,1,0,0,0,0,0,0,0,15,21.8,8.6,33.0,6.3,1,0.10,0.45,0.55,0.64
350,Gvardiol,13,2,1,4,45,0,0,0,0,0,0,0,0,0,0,0,6,4.2,14.4,6.0,2.5,0,0.00,0.14,0.14,0.04
350,Gvardiol,13,2,1,5,90,0,0,0,2,0,0,0,0,0,0,0,13,19.6,15.5,40.0,7.5,1,0.08,0.09,0.17,0.65
350,Gvardiol,13,2,9,6,90,1,0,0,1,0,0,0,0,0,0,1,28,49.0,17.7,25.0,9.2,1,0.08,0.02,0.10,1.57
350,Gvardiol,13,2,1,7,90,0,0,0,2,0,0,0,0,0,0,0,10,31.2,8.7,21.0,6.1,1,0.08,0.09,0.17,2.60
350,Gvardiol,13,2,10,8,90,1,0,0,1,0,0,0,0,0,0,2,28,52.6,49.3,19.0,12.1,1,0.02,0.15,0.17,0.97
350,Gvardiol,13,2,9,9,90,0,0,1,0,0,0,0,0,0,0,3,32,27.8,46.1,14.0,8.8,1,0.07,0.16,0.23,0.21
350,Gvardiol,13,2,7,10,90,1,0,0,2,0,0,0,0,0,0,0,23,56.2,15.7,23.0,9.5,1,0.13,0.02,0.15,2.04
350,Gvardiol,13,2,1,11,90,0,0,0,2,0,0,0,0,0,0,0,-1,13.2,3.9,4.0,2.1,1,0.05,0.03,0.08,2.29
311,Alexander-Arnold,12,2,8,1,76,0,0,1,0,0,0,0,0,0,0,2,31,9.0,43.7,3.0,5.6,1,0.06,1.00,1.06,0.41
311,Alexander-Arnold,12,2,6,2,71,0,0,1,0,0,0,0,0,0,0,0,29,20.4,46.0,12.0,7.8,1,0.10,0.53,0.63,0.36
311,Alexander-Arnold,12,2,6,3,75,0,0,1,0,0,0,0,0,0,0,0,17,8.4,5.4,0.0,1.4,1,0.00,0.01,0.01,0.83
311,Alexander-Arnold,12,2,1,4,90,0,0,0,1,0,0,0,1,0,0,0,1,23.4,62.0,4.0,8.9,1,0.02,0.33,0.35,0.44
311,Alexander-Arnold,12,2,11,5,90,0,1,1,0,0,0,0,0,0,0,2,39,35.2,26.0,2.0,6.3,1,0.00,0.13,0.13,1.08
311,Alexander-Arnold,12,2,1,6,90,0,0,0,1,0,0,0,1,0,0,0,5,9.0,16.8,12.0,3.8,1,0.09,0.10,0.19,0.63
311,Alexander-Arnold,12,2,8,7,90,0,0,1,0,0,0,0,0,0,0,2,31,16.8,38.6,12.0,6.7,1,0.06,0.48,0.54,0.64
311,Alexander-Arnold,12,2,2,8,80,0,0,0,1,0,0,0,0,0,0,0,13,21.4,1.0,0.0,2.2,1,0.00,0.00,0.00,0.78
311,Alexander-Arnold,12,2,1,9,90,0,0,0,2,0,0,0,0,0,0,0,3,10.2,25.7,3.0,3.9,1,0.05,0.24,0.29,1.03
311,Alexander-Arnold,12,2,2,10,90,0,0,0,1,0,0,0,0,0,0,0,26,34.4,27.0,4.0,6.5,1,0.00,0.10,0.10,1.01
311,Alexander-Arnold,12,2,1,11,24,0,0,0,0,0,0,0,0,0,0,0,6,4.2,11.3,0.0,1.6,1,0.00,0.03,0.03,0.19
422,Aina,16,2,1,1,53,0,0,0,0,0,0,0,0,0,0,0,4,5.2,2.1,1.0,0.8,1,0.02,0.02,0.04,0.55
422,Aina,16,2,9,2,90,0,0,1,0,0,0,0,0,0,0,3,37,20.4,13.5,2.0,3.6,1,0.00,0.09,0.09,0.14
422,Aina,16,2,2,3,90,0,0,0,1,0,0,0,0,0,0,0,10,11.6,17.0,1.0,3.0,1,0.01,0.11,0.12,0.74
422,Aina,16,2,8,4,90,0,0,1,0,0,0,0,0,0,0,2,28,13.4,1.4,0.0,1.5,1,0.00,0.01,0.01,0.94
422,Aina,16,2,0,5,90,0,0,0,2,0,0,0,1,0,0,0,-5,17.2,0.5,0.0,1.8,1,0.00,0.00,0.00,0.94
422,Aina,16,2,2,6,90,0,0,0,1,0,0,0,0,0,0,0,10,26.2,17.0,0.0,4.3,1,0.00,0.31,0.31,1.33
422,Aina,16,2,2,7,90,0,0,0,1,0,0,0,0,0,0,0,16,19.8,16.2,4.0,4.0,1,0.01,0.09,0.10,2.27
422,Aina,16,2,6,8,90,0,0,1,0,0,0,0,0,0,0,0,28,11.6,7.4,0.0,1.9,1,0.00,0.04,0.04,1.12
422,Aina,16,2,2,9,90,0,0,0,1,0,0,0,0,0,0,0,17,20.6,5.7,2.0,2.8,1,0.00,0.02,0.02,0.76
422,Aina,16,2,15,10,88,1,0,1,0,0,0,0,0,0,0,3,44,49.6,12.7,11.0,7.3,1,0.07,0.03,0.10,0.13
422,Aina,16,2,0,11,0,0,0,0,0,0,0,0,0,0,0,0,0,0.0,0.0,0.0,0.0,0,0.00,0.00,0.00,0.00
326,Konaté,12,2,1,1,45,0,0,0,0,0,0,0,0,0,0,0,12,14.2,0.3,0.0,1.5,0,0.00,0.00,0.00,0.15
326,Konaté,12,2,7,2,90,0,0,1,0,0,0,0,0,0,0,1,31,26.0,2.9,21.0,5.0,1,0.19,0.02,0.21,0.36
326,Konaté,12,2,6,3,90,0,0,1,0,0,0,0,0,0,0,0,28,12.8,1.0,4.0,1.8,1,0.04,0.00,0.04,1.36
326,Konaté,12,2,2,4,74,0,0,0,1,0,0,0,0,0,0,0,9,12.6,11.6,0.0,2.4,1,0.00,0.02,0.02,0.25
326,Konaté,12,2,8,5,90,0,1,1,0,0,0,0,1,0,0,0,36,48.6,11.2,0.0,6.0,1,0.00,0.03,0.03,1.08
326,Konaté,12,2,7,6,90,1,0,0,1,0,0,0,1,0,0,0,15,39.6,1.2,21.0,6.2,1,0.17,0.01,0.18,0.63
326,Konaté,12,2,6,7,90,0,0,1,0,0,0,0,0,0,0,0,23,19.4,1.2,0.0,2.1,1,0.00,0.01,0.01,0.64
326,Konaté,12,2,1,8,90,0,0,0,1,0,0,0,1,0,0,0,7,6.2,0.4,0.0,0.7,1,0.00,0.00,0.00,0.99
326,Konaté,12,2,1,9,90,0,0,0,2,0,0,0,0,0,0,0,12,17.6,1.6,0.0,1.9,1,0.00,0.02,0.02,1.03
326,Konaté,12,2,1,10,45,0,0,0,1,0,0,0,0,0,0,0,-1,7.0,0.2,13.0,2.0,1,0.37,0.00,0.37,0.77
326,Konaté,12,2,6,11,90,0,0,1,0,0,0,0,0,0,0,0,28,15.8,11.0,4.0,3.1,1,0.11,0.01,0.12,1.50
3,Gabriel,1,2,6,1,90,0,0,1,0,0,0,0,0,0,0,0,22,13.8,1.4,8.0,2.3,1,0.12,0.02,0.14,0.47
3,Gabriel,1,2,6,2,90,0,0,1,0,0,0,0,1,0,0,1,25,21.4,1.9,0.0,2.3,1,0.00,0.02,0.02,1.28
3,Gabriel,1,2,2,3,90,0,0,0,1,0,0,0,0,0,0,0,17,20.8,20.8,9.0,5.1,1,0.12,0.01,0.13,1.83
3,Gabriel,1,2,15,4,90,1,0,1,0,0,0,0,0,0,0,3,40,58.0,0.7,35.0,9.4,1,0.27,0.00,0.27,0.74
3,Gabriel,1,2,7,5,90,1,0,0,2,0,0,0,0,0,0,0,15,56.6,0.8,40.0,9.7,1,0.49,0.01,0.50,2.16
3,Gabriel,1,2,1,6,90,0,0,0,2,0,0,0,0,0,0,0,7,19.6,7.3,57.0,8.4,1,0.27,0.05,0.32,0.32
3,Gabriel,1,2,2,7,90,0,0,0,1,0,0,0,0,0,0,0,5,4.6,3.7,16.0,2.4,1,0.20,0.04,0.24,0.65
3,Gabriel,1,2,1,8,90,0,0,0,2,0,0,0,0,0,0,0,5,21.6,1.1,5.0,2.8,1,0.02,0.00,0.02,1.82
3,Gabriel,1,2,1,9,53,0,0,0,1,0,0,0,0,0,0,0,7,4.4,0.7,0.0,0.5,1,0.00,0.00,0.00,0.39
3,Gabriel,1,2,2,10,90,0,0,0,1,0,0,0,0,0,0,0,9,17.6,14.3,2.0,3.4,1,0.00,0.10,0.10,0.53
3,Gabriel,1,2,0,11,0,0,0,0,0,0,0,0,0,0,0,0,0,0.0,0.0,0.0,0.0,0,0.00,0.00,0.00,0.00
255,Robinson,9,2,2,1,90,0,0,0,1,0,0,0,0,0,0,0,15,29.2,1.5,2.0,3.3,1,0.00,0.01,0.01,2.43
255,Robinson,9,2,7,2,90,0,1,0,1,0,0,0,0,0,0,2,31,42.4,31.4,2.0,7.6,1,0.00,0.11,0.11,0.61
255,Robinson,9,2,4,3,90,0,1,0,1,0,0,0,1,0,0,0,21,29.0,16.2,0.0,4.5,1,0.00,0.06,0.06,0.45
255,Robinson,9,2,2,4,90,0,0,0,1,0,0,0,0,0,0,0,10,35.6,23.2,2.0,6.1,1,0.00,0.18,0.18,0.76
255,Robinson,9,2,2,5,90,0,0,0,1,0,0,0,0,0,0,0,6,10.4,16.2,4.0,3.1,1,0.07,0.02,0.09,1.54
255,Robinson,9,2,7,6,90,0,0,1,0,0,0,0,0,0,0,1,27,13.6,4.3,5.0,2.3,1,0.04,0.02,0.06,0.80
255,Robinson,9,2,1,7,90,0,0,0,3,0,0,0,0,0,0,0,-6,17.2,22.5,6.0,4.6,1,0.00,0.22,0.22,1.57
255,Robinson,9,2,1,8,90,0,0,0,3,0,0,0,0,0,0,0,1,19.8,6.5,7.0,3.3,1,0.02,0.07,0.09,1.68
255,Robinson,9,2,2,9,90,0,0,0,1,0,0,0,0,0,0,0,12,18.0,7.5,5.0,3.1,1,0.02,0.03,0.05,0.79
255,Robinson,9,2,6,10,90,0,1,0,1,0,0,0,0,0,0,1,26,39.2,41.5,20.0,10.1,1,0.00,0.33,0.33,0.59
255,Robinson,9,2,6,11,90,0,0,1,0,0,0,0,0,0,0,0,24,12.4,18.5,10.0,4.1,1,0.06,0.05,0.11,1.52
335,Robertson,12,2,6,1,78,0,0,1,0,0,0,0,0,0,0,0,24,12.0,17.1,4.0,3.3,1,0.00,0.13,0.13,0.41
335,Robertson,12,2,6,2,90,0,0,1,0,0,0,0,0,0,0,0,29,22.0,47.1,52.0,12.1,1,0.30,0.19,0.49,0.36
335,Robertson,12,2,6,3,82,0,0,1,0,0,0,0,0,0,0,0,25,9.6,22.0,0.0,3.2,1,0.00,0.07,0.07,1.34
335,Robertson,12,2,1,4,74,0,0,0,1,0,0,0,1,0,0,0,6,3.0,20.9,0.0,2.4,1,0.00,0.09,0.09,0.25
335,Robertson,12,2,6,5,90,0,0,1,0,0,0,0,0,0,0,0,33,12.2,24.1,4.0,4.0,1,0.08,0.02,0.10,1.08
335,Robertson,12,2,2,6,88,0,0,0,1,0,0,0,0,0,0,0,14,9.6,27.0,8.0,4.5,1,0.00,0.56,0.56,0.63
335,Robertson,12,2,1,7,11,0,0,0,0,0,0,0,0,0,0,0,3,1.8,0.6,0.0,0.2,0,0.00,0.00,0.00,0.14
335,Robertson,12,2,2,8,90,0,0,0,1,0,0,0,0,0,0,0,10,19.8,11.4,0.0,3.1,1,0.00,0.01,0.01,0.99
335,Robertson,12,2,1,9,62,0,0,0,2,0,0,0,0,0,0,0,2,4.6,0.5,0.0,0.5,1,0.00,0.00,0.00,0.80
335,Robertson,12,2,0,10,0,0,0,0,0,0,0,0,0,0,0,0,0,0.0,0.0,0.0,0.0,0,0.00,0.00,0.00,0.00
335,Robertson,12,2,8,11,90,0,0,1,0,0,0,0,0,0,0,2,34,18.6,32.6,10.0,6.1,1,0.00,0.26,0.26,1.50
369,Dalot,14,2,7,1,90,0,0,1,0,0,0,0,0,0,0,1,26,13.4,4.8,0.0,1.8,1,0.00,0.02,0.02,0.44
369,Dalot,14,2,1,2,90,0,0,0,2,0,0,0,0,0,0,0,19,20.4,18.8,1.0,4.0,1,0.02,0.05,0.07,2.09
369,Dalot,14,2,1,3,90,0,0,0,3,0,0,0,0,0,0,0,5,19.4,1.8,0.0,2.1,1,0.00,0.02,0.02,1.73
369,Dalot,14,2,11,4,90,0,1,1,0,0,0,0,0,0,0,2,40,24.2,24.8,8.0,5.7,1,0.00,0.48,0.48,1.12
369,Dalot,14,2,9,5,90,0,0,1,0,0,0,0,0,0,0,3,35,22.6,35.8,2.0,6.0,1,0.00,0.23,0.23,1.01
369,Dalot,14,2,0,6,90,0,0,0,3,0,0,0,1,0,0,0,-1,16.6,2.8,0.0,1.9,1,0.00,0.02,0.02,4.59
369,Dalot,14,2,6,7,90,0,0,1,0,0,0,0,0,0,0,0,25,19.0,13.3,2.0,3.4,1,0.00,0.01,0.01,0.42
369,Dalot,14,2,1,8,90,0,0,0,1,0,0,0,1,0,0,0,6,8.6,3.6,17.0,2.9,1,0.17,0.01,0.18,0.86
369,Dalot,14,2,1,9,90,0,0,0,2,0,0,0,0,0,0,0,2,17.8,31.0,12.0,6.1,1,0.38,0.15,0.53,2.98
369,Dalot,14,2,1,10,90,0,0,0,1,0,0,0,1,0,0,0,4,19.0,0.9,0.0,2.0,1,0.00,0.01,0.01,1.11
369,Dalot,14,2,0,11,0,0,0,0,0,0,0,0,0,0,0,0,0,0.0,0.0,0.0,0.0,0,0.00,0.00,0.00,0.00
436,Murillo,16,2,2,1,90,0,0,0,1,0,0,0,0,0,0,0,14,19.8,1.0,0.0,2.1,1,0.00,0.00,0.00,1.22
436,Murillo,16,2,7,2,90,0,0,1,0,0,0,0,0,0,0,1,28,9.0,10.8,4.0,2.4,1,0.00,0.11,0.11,0.14
436,Murillo,16,2,2,3,90,0,0,0,1,0,0,0,0,0,0,0,12,29.0,1.3,2.0,3.2,1,0.00,0.01,0.01,0.74
436,Murillo,16,2,6,4,90,0,0,1,0,0,0,0,0,0,0,0,22,14.6,0.0,0.0,1.5,1,0.00,0.00,0.00,0.94
436,Murillo,16,2,1,5,90,0,0,0,2,0,0,0,0,0,0,0,10,37.6,10.2,0.0,4.8,1,0.00,0.01,0.01,0.94
436,Murillo,16,2,1,6,90,0,0,0,1,0,0,0,1,0,0,0,5,15.8,15.7,0.0,3.2,1,0.00,0.15,0.15,1.33
436,Murillo,16,2,2,7,90,0,0,0,1,0,0,0,0,0,0,0,8,18.4,13.2,9.0,4.1,1,0.06,0.00,0.06,2.27
436,Murillo,16,2,8,8,90,0,0,1,0,0,0,0,0,0,0,2,31,26.0,1.8,17.0,4.5,1,0.02,0.01,0.03,1.12
436,Murillo,16,2,2,9,90,0,0,0,1,0,0,0,0,0,0,0,12,30.8,21.3,11.0,6.3,1,0.17,0.08,0.25,0.76
436,Murillo,16,2,6,10,90,0,0,1,0,0,0,0,0,0,0,0,24,11.2,11.8,4.0,2.7,1,0.08,0.03,0.11,0.13
436,Murillo,16,2,0,11,0,0,0,0,0,0,0,0,0,0,0,0,0,0.0,0.0,0.0,0.0,0,0.00,0.00,0.00,0.00
200,Guéhi,7,2,0,1,90,0,0,0,2,0,0,0,1,0,0,0,9,21.0,2.6,0.0,2.4,1,0.00,0.02,0.02,1.59
200,Guéhi,7,2,1,2,90,0,0,0,2,0,0,0,0,0,0,0,6,34.8,0.8,0.0,3.6,1,0.00,0.02,0.02,1.39
200,Guéhi,7,2,2,3,90,0,0,0,1,0,0,0,0,0,0,0,12,20.6,0.3,2.0,2.3,1,0.00,0.02,0.02,2.27
200,Guéhi,7,2,1,4,90,0,0,0,2,0,0,0,0,0,0,0,6,16.2,11.3,2.0,3.0,1,0.00,0.04,0.04,1.23
200,Guéhi,7,2,6,5,90,0,0,1,0,0,0,0,0,0,0,0,25,21.6,0.0,0.0,2.2,1,0.00,0.00,0.00,1.70
200,Guéhi,7,2,9,6,90,1,0,0,2,0,0,0,0,0,0,2,30,83.0,22.1,33.0,13.8,1,0.18,0.10,0.28,0.89
200,Guéhi,7,2,2,7,90,0,0,0,1,0,0,0,0,0,0,0,13,26.8,0.6,0.0,2.7,1,0.00,0.01,0.01,1.40
200,Guéhi,7,2,2,8,90,0,0,0,1,0,0,0,0,0,0,0,8,17.6,1.5,2.0,2.1,1,0.00,0.01,0.01,1.62
200,Guéhi,7,2,6,9,90,0,0,1,0,0,0,0,0,0,0,0,24,25.8,0.6,17.0,4.3,1,0.07,0.00,0.07,0.72
200,Guéhi,7,2,7,10,90,1,0,0,2,0,0,0,0,0,0,0,22,53.8,1.6,38.0,9.3,1,0.72,0.01,0.73,1.53
200,Guéhi,7,2,1,11,90,0,0,0,2,0,0,0,0,0,0,0,7,22.6,11.2,16.0,5.0,1,0.09,0.01,0.10,1.83
36,Digne,2,2,2,1,73,0,0,0,1,0,0,0,0,0,0,0,14,14.4,19.2,0.0,3.4,1,0.00,0.13,0.13,1.39
36,Digne,2,2,2,2,75,0,0,0,1,0,0,0,0,0,0,0,8,18.6,1.8,0.0,2.0,1,0.00,0.03,0.03,0.49
36,Digne,2,2,7,3,90,0,1,0,1,0,0,0,0,0,0,2,23,36.4,19.9,0.0,5.6,1,0.00,0.10,0.10,0.45
36,Digne,2,2,4,4,68,0,1,0,2,0,0,0,0,0,0,0,26,30.8,54.0,2.0,8.7,1,0.00,0.68,0.68,0.67
36,Digne,2,2,1,5,45,0,0,0,1,0,0,0,0,0,0,0,0,2.2,2.5,0.0,0.5,1,0.00,0.01,0.01,0.51
36,Digne,2,2,0,6,83,0,0,0,2,0,0,0,1,0,0,0,4,17.8,4.8,0.0,2.3,1,0.00,0.02,0.02,1.12
36,Digne,2,2,8,7,84,0,0,1,0,0,0,0,0,0,0,2,30,11.2,16.9,1.0,2.9,1,0.05,0.08,0.13,0.42
36,Digne,2,2,4,8,90,0,1,0,1,0,0,0,1,0,0,0,13,12.6,3.8,27.0,4.3,1,0.22,0.04,0.26,1.78
36,Digne,2,2,7,9,70,0,0,1,0,0,0,0,1,0,0,2,22,11.2,27.5,2.0,4.1,1,0.00,0.41,0.41,0.18
36,Digne,2,2,0,10,90,0,0,0,4,0,0,0,0,0,0,0,5,27.8,53.8,3.0,8.5,1,0.02,0.15,0.17,2.44
36,Digne,2,2,2,11,73,0,0,0,1,0,0,0,0,0,0,0,7,12.8,33.0,9.0,5.5,1,0.23,0.15,0.38,1.35
533,Aït-Nouri,20,2,1,1,83,0,0,0,2,0,0,0,0,0,0,0,6,9.0,3.5,1.0,1.4,1,0.02,0.02,0.04,1.24
533,Aït-Nouri,20,2,2,2,67,0,1,0,5,0,0,0,1,0,0,0,-4,14.0,10.7,6.0,3.1,1,0.06,0.16,0.22,1.24
533,Aït-Nouri,20,2,1,3,59,0,0,0,1,0,0,0,0,0,0,0,-2,8.0,23.5,25.0,5.7,1,0.34,0.02,0.36,0.36
533,Aït-Nouri,20,2,0,4,85,0,0,0,2,0,0,0,1,0,0,0,5,18.0,2.4,6.0,2.6,1,0.00,0.03,0.03,0.83
533,Aït-Nouri,20,2,0,5,90,0,0,0,3,0,0,0,1,0,0,0,-3,4.6,4.4,16.0,2.5,1,0.13,0.02,0.15,1.73
533,Aït-Nouri,20,2,9,6,90,1,0,0,2,0,0,0,0,0,0,2,25,48.4,24.3,33.0,10.6,1,0.38,0.02,0.40,2.54
533,Aït-Nouri,20,2,9,7,90,1,1,0,5,0,0,0,0,0,0,0,17,62.8,52.4,23.0,13.8,1,0.06,0.22,0.28,4.25
533,Aït-Nouri,20,2,1,8,90,0,0,0,2,0,0,0,0,0,0,0,1,28.0,11.2,0.0,3.9,1,0.00,0.00,0.00,1.62
533,Aït-Nouri,20,2,6,9,90,1,0,0,2,0,0,0,1,0,0,0,16,46.8,13.3,17.0,7.7,1,0.06,0.01,0.07,1.31
533,Aït-Nouri,20,2,1,10,90,0,0,0,2,0,0,0,0,0,0,0,-2,5.4,2.8,8.0,1.6,1,0.07,0.02,0.09,2.51
533,Aït-Nouri,20,2,6,11,90,0,0,1,0,0,0,0,0,0,0,0,19,11.2,1.8,13.0,2.6,1,0.09,0.08,0.17,0.66
573,Milenković,16,2,0,1,0,0,0,0,0,0,0,0,0,0,0,0,0,0.0,0.0,0.0,0.0,0,0.00,0.00,0.00,0.00
573,Milenković,16,2,6,2,90,0,0,1,0,0,0,0,0,0,0,0,16,11.2,10.8,19.0,4.1,1,0.98,0.01,0.99,0.14
573,Milenković,16,2,2,3,90,0,0,0,1,0,0,0,0,0,0,0,10,8.6,10.3,2.0,2.1,1,0.00,0.01,0.01,0.74
573,Milenković,16,2,6,4,90,0,0,1,0,0,0,0,0,0,0,0,22,18.0,0.3,0.0,1.8,1,0.00,0.00,0.00,0.94
573,Milenković,16,2,1,5,90,0,0,0,2,0,0,0,0,0,0,0,6,31.2,0.2,0.0,3.1,1,0.00,0.00,0.00,0.94
573,Milenković,16,2,2,6,90,0,0,0,1,0,0,0,0,0,0,0,9,14.0,0.7,10.0,2.5,1,0.14,0.00,0.14,1.33
573,Milenković,16,2,5,7,90,0,1,0,1,0,0,0,0,0,0,0,18,23.2,10.6,10.0,4.4,1,0.00,0.07,0.07,2.27
573,Milenković,16,2,6,8,90,0,0,1,0,0,0,0,0,0,0,0,25,8.2,0.8,6.0,1.5,1,0.00,0.19,0.19,1.12
573,Milenković,16,2,1,9,90,0,0,0,1,0,0,0,1,0,0,0,5,11.2,0.0,2.0,1.3,1,0.06,0.00,0.06,0.76
573,Milenković,16,2,6,10,90,0,0,1,0,0,0,0,0,0,0,0,25,13.6,11.4,27.0,5.2,1,0.43,0.13,0.56,0.13
573,Milenković,16,2,0,11,0,0,0,0,0,0,0,0,0,0,0,0,0,0.0,0.0,0.0,0.0,0,0.00,0.00,0.00,0.00
238,Young,8,2,-2,1,65,0,0,0,3,0,0,0,0,1,0,0,-10,9.8,15.2,0.0,2.5,1,0.00,0.17,0.17,1.23
238,Young,8,2,0,2,0,0,0,0,0,0,0,0,0,0,0,0,0,0.0,0.0,0.0,0.0,0,0.00,0.00,0.00,0.00
238,Young,8,2,0,3,0,0,0,0,0,0,0,0,0,0,0,0,0,0.0,0.0,0.0,0.0,0,0.00,0.00,0.00,0.00
238,Young,8,2,0,4,90,0,0,0,3,0,0,0,1,0,0,0,-4,14.6,0.6,0.0,1.5,1,0.00,0.01,0.01,2.12
238,Young,8,2,6,5,90,0,1,0,1,0,0,0,0,0,0,1,27,32.6,30.1,0.0,6.3,1,0.00,0.16,0.16,0.66
238,Young,8,2,5,6,90,0,1,0,1,0,0,0,0,0,0,0,14,28.0,13.2,0.0,4.1,1,0.00,0.02,0.02,0.95
238,Young,8,2,6,7,90,0,0,1,0,0,0,0,0,0,0,0,21,14.2,13.6,0.0,2.8,1,0.00,0.00,0.00,2.05
238,Young,8,2,6,8,90,0,0,1,0,0,0,0,0,0,0,0,27,24.2,23.0,7.0,5.4,1,0.06,0.10,0.16,1.25
238,Young,8,2,6,9,90,0,1,0,1,0,0,0,0,0,0,1,23,32.4,12.3,2.0,4.7,1,0.00,0.50,0.50,1.26
238,Young,8,2,2,10,90,0,0,0,1,0,0,0,0,0,0,0,6,13.2,32.4,2.0,4.8,1,0.00,0.04,0.04,0.74
238,Young,8,2,5,11,90,0,0,1,0,0,0,0,1,0,0,0,24,22.0,33.9,4.0,6.0,1,0.08,0.06,0.14,1.00
498,Romero,18,2,2,1,90,0,0,0,1,0,0,0,0,0,0,0,13,13.6,2.9,4.0,2.1,1,0.09,0.03,0.12,1.02
498,Romero,18,2,14,2,90,1,0,1,0,0,0,0,0,0,0,2,53,63.0,17.3,54.0,13.4,1,0.53,0.30,0.83,1.00
498,Romero,18,2,1,3,90,0,0,0,2,0,0,0,0,0,0,0,8,15.8,1.8,0.0,1.8,1,0.00,0.02,0.02,1.57
498,Romero,18,2,2,4,90,0,0,0,1,0,0,0,0,0,0,0,19,25.2,13.3,19.0,5.8,1,0.04,0.03,0.07,0.73
498,Romero,18,2,2,5,90,0,0,0,1,0,0,0,0,0,0,0,14,19.4,2.4,35.0,5.7,1,0.07,0.03,0.10,0.80
498,Romero,18,2,6,6,90,0,0,1,0,0,0,0,0,0,0,0,23,21.8,2.3,4.0,2.8,1,0.08,0.02,0.10,0.96
498,Romero,18,2,1,7,90,0,0,0,3,0,0,0,0,0,0,0,6,18.2,11.4,8.0,3.8,1,0.16,0.03,0.19,1.82
498,Romero,18,2,2,8,90,0,0,0,1,0,0,0,0,0,0,0,9,20.6,7.4,2.0,3.0,1,0.00,0.13,0.13,0.78
498,Romero,18,2,2,9,90,0,0,0,1,0,0,0,0,0,0,0,16,25.6,11.9,9.0,4.7,1,0.01,0.02,0.03,0.83
498,Romero,18,2,1,10,60,0,0,0,1,0,0,0,1,0,0,0,13,10.8,12.3,0.0,2.3,1,0.00,0.04,0.04,1.39
498,Romero,18,2,0,11,0,0,0,0,0,0,0,0,0,0,0,0,0,0.0,0.0,0.0,0.0,0,0.00,0.00,0.00,0.00
145,Veltman,5,2,8,1,90,0,0,1,0,0,0,0,0,0,0,2,34,20.6,1.3,0.0,2.2,1,0.00,0.00,0.00,0.45
145,Veltman,5,2,2,2,90,0,0,0,1,0,0,0,0,0,0,0,16,16.6,25.9,2.0,4.5,1,0.00,0.45,0.45,1.43
145,Veltman,5,2,2,3,71,0,0,0,1,0,0,0,0,0,0,0,5,7.2,1.7,5.0,1.4,1,0.05,0.01,0.06,1.13
145,Veltman,5,2,7,4,90,0,0,1,0,0,0,0,1,0,0,2,31,18.6,3.6,0.0,2.2,1,0.00,0.02,0.02,0.35
145,Veltman,5,2,1,5,90,0,0,0,2,0,0,0,0,0,0,0,-1,10.6,3.3,4.0,1.8,1,0.00,0.01,0.01,1.53
145,Veltman,5,2,0,6,0,0,0,0,0,0,0,0,0,0,0,0,0,0.0,0.0,0.0,0.0,0,0.00,0.00,0.00,0.00
145,Veltman,5,2,1,7,90,0,0,0,2,0,0,0,0,0,0,0,-1,9.8,1.3,0.0,1.1,1,0.00,0.01,0.01,1.37
145,Veltman,5,2,7,8,90,0,0,1,0,0,0,0,0,0,0,1,30,15.2,13.7,2.0,3.1,1,0.00,0.16,0.16,2.02
145,Veltman,5,2,1,9,90,0,0,0,2,0,0,0,0,0,0,0,4,8.2,7.4,3.0,1.9,1,0.02,0.10,0.12,1.36
145,Veltman,5,2,1,10,75,0,0,0,2,0,0,0,0,0,0,0,6,11.0,5.7,0.0,1.7,1,0.00,0.28,0.28,1.33
145,Veltman,5,2,2,11,90,0,0,0,1,0,0,0,0,0,0,0,13,16.4,1.8,2.0,2.0,1,0.00,0.02,0.02,2.22
228,Keane,8,2,1,1,90,0,0,0,3,0,0,0,0,0,0,0,0,12.2,0.4,4.0,1.7,1,0.01,0.01,0.02,1.43
228,Keane,8,2,0,2,90,0,0,0,4,0,0,0,0,0,0,0,-1,20.8,10.6,2.0,3.3,1,0.00,0.01,0.01,2.43
228,Keane,8,2,6,3,90,1,0,0,3,0,0,0,1,0,0,0,7,39.8,0.4,27.0,6.7,1,0.23,0.00,0.23,2.22
228,Keane,8,2,1,4,90,0,0,0,3,0,0,0,0,0,0,0,2,22.4,0.1,9.0,3.2,1,0.02,0.00,0.02,2.12
228,Keane,8,2,1,5,90,0,0,0,1,0,0,0,1,0,0,0,2,20.8,0.1,0.0,2.1,1,0.00,0.00,0.00,0.66
228,Keane,8,2,0,6,0,0,0,0,0,0,0,0,0,0,0,0,0,0.0,0.0,0.0,0.0,0,0.00,0.00,0.00,0.00
228,Keane,8,2,6,7,90,0,0,1,0,0,0,0,0,0,0,0,27,14.4,0.3,0.0,1.5,1,0.00,0.00,0.00,2.05
228,Keane,8,2,14,8,90,1,0,1,0,0,0,0,1,0,0,3,40,55.4,0.1,19.0,7.5,1,0.03,0.00,0.03,1.25
228,Keane,8,2,2,9,90,0,0,0,1,0,0,0,0,0,0,0,10,22.2,10.3,4.0,3.7,1,0.04,0.00,0.04,1.26
228,Keane,8,2,1,10,90,0,0,0,1,0,0,0,1,0,0,0,2,13.6,0.6,19.0,3.3,1,0.10,0.00,0.10,0.74
228,Keane,8,2,0,11,0,0,0,0,0,0,0,0,0,0,0,0,0,0.0,0.0,0.0,0.0,0,0.00,0.00,0.00,0.00
267,Davis,10,2,1,1,90,0,0,0,2,0,0,0,0,0,0,0,-1,14.8,6.1,0.0,2.1,1,0.00,0.02,0.02,2.65
267,Davis,10,2,0,2,90,0,0,0,4,0,0,0,0,0,0,0,-9,5.4,0.4,4.0,1.0,1,0.00,0.10,0.10,3.34
267,Davis,10,2,7,3,90,0,1,0,1,0,0,0,0,0,0,2,31,30.6,44.6,4.0,7.9,1,0.05,0.21,0.26,0.95
267,Davis,10,2,6,4,90,0,0,1,0,0,0,0,0,0,0,0,23,21.0,13.8,5.0,4.0,1,0.02,0.15,0.17,1.66
267,Davis,10,2,2,5,90,0,0,0,1,0,0,0,0,0,0,0,11,14.6,36.9,19.0,7.1,1,0.19,0.06,0.25,2.49
267,Davis,10,2,2,6,90,0,0,0,2,0,0,0,0,0,0,1,22,22.0,88.1,4.0,11.4,1,0.04,0.48,0.52,0.82
267,Davis,10,2,0,7,90,0,0,0,4,0,0,0,0,0,0,0,6,14.6,42.2,0.0,5.7,1,0.00,0.34,0.34,3.79
267,Davis,10,2,1,8,90,0,0,0,2,0,0,0,0,0,0,0,9,12.8,41.0,0.0,5.4,1,0.00,0.23,0.23,1.74
267,Davis,10,2,2,9,90,0,1,0,4,0,0,0,1,0,0,0,5,23.4,32.8,5.0,6.1,1,0.16,0.16,0.32,4.11
267,Davis,10,2,10,10,90,1,0,0,1,0,0,0,0,0,0,2,24,56.0,40.6,19.0,11.6,1,0.09,0.22,0.31,1.55
267,Davis,10,2,0,11,0,0,0,0,0,0,0,0,0,0,0,0,0,0.0,0.0,0.0,0.0,0,0.00,0.00,0.00,0.00
495,Pedro Porro,18,2,9,1,90,1,0,0,1,0,0,0,0,0,0,1,28,50.0,59.3,21.0,13.0,1,0.09,0.32,0.41,0.96
495,Pedro Porro,18,2,6,2,90,0,0,1,0,0,0,0,0,0,0,0,23,25.2,21.5,1.0,4.8,1,0.03,0.11,0.14,1.00
495,Pedro Porro,18,2,1,3,90,0,0,0,2,0,0,0,0,0,0,0,4,16.0,15.9,23.0,5.5,1,0.21,0.17,0.38,1.57
495,Pedro Porro,18,2,2,4,90,0,0,0,1,0,0,0,0,0,0,0,18,38.0,57.1,2.0,9.7,1,0.00,0.07,0.07,0.73
495,Pedro Porro,18,2,2,5,87,0,0,0,1,0,0,0,0,0,0,0,13,14.2,7.9,6.0,2.8,1,0.06,0.03,0.09,0.80
495,Pedro Porro,18,2,5,6,90,0,0,1,0,0,0,0,1,0,0,0,30,22.2,27.7,17.0,6.7,1,0.12,0.09,0.21,0.96
495,Pedro Porro,18,2,1,7,90,0,0,0,3,0,0,0,0,0,0,0,4,24.6,16.0,2.0,4.3,1,0.03,0.19,0.22,1.82
495,Pedro Porro,18,2,2,8,90,0,0,0,1,0,0,0,0,0,0,0,10,16.0,43.5,19.0,7.9,1,0.11,0.15,0.26,0.78
495,Pedro Porro,18,2,2,9,90,0,0,0,1,0,0,0,0,0,0,0,10,14.8,23.1,3.0,4.1,1,0.03,0.11,0.14,0.83
495,Pedro Porro,18,2,1,10,90,0,0,0,1,0,0,0,1,0,0,0,5,5.0,4.6,8.0,1.8,1,0.04,0.02,0.06,1.86
495,Pedro Porro,18,2,0,11,0,0,0,0,0,0,0,0,0,0,0,0,0,0.0,0.0,0.0,0.0,0,0.00,0.00,0.00,0.00
295,Justin,11,2,2,1,90,0,0,0,1,0,0,0,0,0,0,0,15,24.0,9.1,5.0,3.8,1,0.06,0.01,0.07,1.23
295,Justin,11,2,1,2,90,0,0,0,2,0,0,0,0,0,0,0,10,17.8,0.5,0.0,1.8,1,0.00,0.00,0.00,1.78
295,Justin,11,2,1,3,90,0,0,0,2,0,0,0,0,0,0,0,5,9.2,2.1,4.0,1.5,1,0.08,0.01,0.09,1.55
295,Justin,11,2,1,4,90,0,0,0,2,0,0,0,0,0,0,0,2,5.6,0.4,3.0,0.9,1,0.05,0.00,0.05,2.55
295,Justin,11,2,2,5,90,0,0,0,1,0,0,0,0,0,0,0,19,22.4,16.3,0.0,3.9,1,0.00,0.02,0.02,1.10
295,Justin,11,2,12,6,90,2,0,0,4,0,0,0,0,0,0,0,27,82.4,0.3,39.0,12.2,1,0.15,0.00,0.15,4.60
295,Justin,11,2,10,7,90,0,1,1,0,0,0,0,1,0,0,2,32,27.2,11.6,0.0,3.9,1,0.00,0.04,0.04,2.16
295,Justin,11,2,1,8,90,0,0,0,2,0,0,0,0,0,0,0,10,19.2,19.8,19.0,5.8,1,0.03,0.06,0.09,2.15
295,Justin,11,2,1,9,90,0,0,0,3,0,0,0,0,0,0,0,0,21.6,14.3,2.0,3.8,1,0.00,0.02,0.02,1.73
295,Justin,11,2,0,10,0,0,0,0,0,0,0,0,0,0,0,0,0,0.0,0.0,0.0,0.0,0,0.00,0.00,0.00,0.00
295,Justin,11,2,0,11,0,0,0,0,0,0,0,0,0,0,0,0,0,0.0,0.0,0.0,0.0,0,0.00,0.00,0.00,0.00
594,Mazraoui,14,2,8,1,80,0,0,1,0,0,0,0,0,0,0,2,32,14.0,2.4,0.0,1.6,1,0.00,0.01,0.01,0.38
594,Mazraoui,14,2,4,2,90,0,1,0,2,0,0,0,0,0,0,0,12,24.2,21.8,6.0,5.2,1,0.00,0.02,0.02,2.09
594,Mazraoui,14,2,1,3,90,0,0,0,3,0,0,0,0,0,0,0,0,25.0,12.9,25.0,6.3,1,0.08,0.02,0.10,1.73
594,Mazraoui,14,2,6,4,73,0,0,1,0,0,0,0,0,0,0,0,27,7.0,8.2,13.0,2.8,1,0.12,0.34,0.46,1.12
594,Mazraoui,14,2,6,5,90,0,0,1,0,0,0,0,0,0,0,0,25,19.6,3.3,0.0,2.3,1,0.00,0.07,0.07,1.01
594,Mazraoui,14,2,0,6,90,0,0,0,3,0,0,0,1,0,0,0,-2,18.8,1.3,0.0,2.0,1,0.00,0.01,0.01,4.59
594,Mazraoui,14,2,1,7,45,0,0,0,0,0,0,0,0,0,0,0,7,9.4,1.2,0.0,1.1,1,0.00,0.00,0.00,0.15
594,Mazraoui,14,2,1,8,1,0,0,0,0,0,0,0,0,0,0,0,3,4.2,0.0,0.0,0.4,0,0.00,0.00,0.00,0.13
594,Mazraoui,14,2,2,9,83,0,0,0,1,0,0,0,0,0,0,0,15,30.0,5.0,0.0,3.5,1,0.00,0.20,0.20,2.01
594,Mazraoui,14,2,2,10,90,0,0,0,1,0,0,0,0,0,0,0,21,31.2,2.3,4.0,3.8,1,0.00,0.02,0.02,1.11
594,Mazraoui,14,2,0,11,0,0,0,0,0,0,0,0,0,0,0,0,0,0.0,0.0,0.0,0.0,0,0.00,0.00,0.00,0.00
236,Tarkowski,8,2,0,1,90,0,0,0,3,0,0,0,1,0,0,0,-4,17.4,10.8,4.0,3.2,1,0.01,0.01,0.02,1.43
236,Tarkowski,8,2,0,2,90,0,0,0,4,0,0,0,0,0,0,0,-7,8.2,10.6,23.0,4.2,1,0.23,0.19,0.42,2.43
236,Tarkowski,8,2,1,3,90,0,0,0,3,0,0,0,0,0,0,0,-2,22.8,10.8,9.0,4.3,1,0.13,0.01,0.14,2.22
236,Tarkowski,8,2,1,4,90,0,0,0,3,0,0,0,0,0,0,0,-1,22.2,0.3,2.0,2.5,1,0.00,0.02,0.02,2.12
236,Tarkowski,8,2,2,5,90,0,0,0,1,0,0,0,0,0,0,0,6,18.4,0.3,2.0,2.1,1,0.00,0.00,0.00,0.66
236,Tarkowski,8,2,2,6,90,0,0,0,1,0,0,0,0,0,0,0,11,37.6,0.6,14.0,5.2,1,0.26,0.01,0.27,0.95
236,Tarkowski,8,2,8,7,90,0,0,1,0,0,0,0,0,0,0,2,28,28.4,0.5,2.0,3.1,1,0.00,0.01,0.01,2.05
236,Tarkowski,8,2,6,8,90,0,0,1,0,0,0,0,0,0,0,0,26,19.2,0.1,4.0,2.3,1,0.00,0.00,0.00,1.25
236,Tarkowski,8,2,1,9,90,0,0,0,1,0,0,0,1,0,0,0,6,26.6,21.1,4.0,5.2,1,0.00,0.15,0.15,1.26
236,Tarkowski,8,2,1,10,90,0,0,0,1,0,0,0,1,0,0,0,14,17.8,10.9,10.0,3.9,1,0.02,0.45,0.47,0.74
236,Tarkowski,8,2,8,11,90,0,0,1,0,0,0,0,0,0,0,2,30,32.6,0.9,19.0,5.3,1,0.06,0.01,0.07,1.00
70,Kerkez,3,2,1,1,90,0,0,0,1,0,0,0,1,0,0,0,5,12.0,12.7,2.0,2.7,1,0.00,0.01,0.01,1.30
70,Kerkez,3,2,2,2,90,0,0,0,1,0,0,0,0,0,0,0,4,14.8,2.9,2.0,2.0,1,0.00,0.01,0.01,1.61
70,Kerkez,3,2,1,3,65,0,0,0,2,0,0,0,0,0,0,0,3,8.2,19.6,4.0,3.2,1,0.01,0.06,0.07,1.71
70,Kerkez,3,2,2,4,90,0,0,0,1,0,0,0,0,0,0,0,9,9.4,0.3,3.0,1.3,1,0.07,0.00,0.07,0.78
70,Kerkez,3,2,1,5,90,0,0,0,3,0,0,0,0,0,0,0,7,18.0,26.6,1.0,4.6,1,0.01,0.09,0.10,2.06
70,Kerkez,3,2,1,6,90,0,0,0,1,0,0,0,1,0,0,0,3,8.4,2.8,8.0,1.9,1,0.02,0.01,0.03,0.60
70,Kerkez,3,2,2,7,62,0,0,0,1,0,0,0,0,0,0,0,7,5.6,7.7,0.0,1.3,1,0.00,0.03,0.03,0.76
70,Kerkez,3,2,7,8,90,0,0,1,0,0,0,0,0,0,0,1,30,19.4,16.1,7.0,4.3,1,0.05,0.03,0.08,0.68
70,Kerkez,3,2,2,9,80,0,0,0,1,0,0,0,0,0,0,0,10,13.6,29.8,2.0,4.5,1,0.02,0.09,0.11,1.81
70,Kerkez,3,2,10,10,90,0,2,0,1,0,0,0,0,0,0,2,37,48.6,27.6,8.0,8.4,1,0.00,0.42,0.42,1.56
70,Kerkez,3,2,1,11,90,0,0,0,3,0,0,0,0,0,0,0,5,19.0,17.7,6.0,4.3,1,0.00,0.10,0.10,1.54
399,Hall,15,2,5,1,69,0,0,1,0,0,0,0,1,0,0,0,17,14.2,14.7,2.0,3.1,1,0.00,0.02,0.02,1.33
399,Hall,15,2,1,2,21,0,0,0,0,0,0,0,0,0,0,0,6,17.2,15.3,2.0,3.5,0,0.00,0.10,0.10,0.42
399,Hall,15,2,1,3,22,0,0,0,0,0,0,0,0,0,0,0,3,5.4,0.1,0.0,0.6,0,0.00,0.00,0.00,0.27
399,Hall,15,2,2,4,90,0,0,0,1,0,0,0,0,0,0,0,18,19.6,16.4,0.0,3.6,1,0.00,0.04,0.04,0.99
399,Hall,15,2,1,5,45,0,0,0,1,0,0,0,0,0,0,0,7,10.2,14.8,0.0,2.5,0,0.00,0.02,0.02,1.01
399,Hall,15,2,2,6,90,0,0,0,1,0,0,0,0,0,0,0,12,21.0,15.5,2.0,3.9,1,0.00,0.11,0.11,0.91
399,Hall,15,2,5,7,90,0,0,1,0,0,0,0,1,0,0,0,21,17.0,20.8,4.0,4.2,1,0.00,0.12,0.12,0.67
399,Hall,15,2,1,8,90,0,0,0,1,0,0,0,1,0,0,0,9,24.8,38.8,4.0,6.8,1,0.00,0.10,0.10,1.11
399,Hall,15,2,4,9,88,0,1,0,2,0,0,0,0,0,0,0,24,40.2,61.4,2.0,10.4,1,0.00,0.78,0.78,1.64
399,Hall,15,2,8,10,90,0,0,1,0,0,0,0,0,0,0,2,33,33.6,2.0,0.0,3.6,1,0.00,0.01,0.01,1.05
399,Hall,15,2,0,11,0,0,0,0,0,0,0,0,0,0,0,0,0,0.0,0.0,0.0,0.0,0,0.00,0.00,0.00,0.00
