player,Performance_Gls,Performance_Ast,Performance_G+A,Performance_G-PK,Performance_PK,Expected_xG,Expected_npxG,Expected_xAG,Expected_npxG+xAG,Per90Minutes_Gls,Per90Minutes_Ast,Per90Minutes_G+A,Per90Minutes_G-PK,Per90Minutes_G+A-PK,Per90Minutes_xG,Per90Minutes_xAG,Per90Minutes_xG+xAG,Per90Minutes_npxG,Per90Minutes_npxG+xAG,Standard_Sh,Standard_SoT,Standard_SoT%,Standard_Sh/90,Standard_SoT/90,Standard_G/Sh,Standard_G/SoT,SCA_SCA,SCA_SCA90,GCA_GCA,GCA_GCA90,Touches_Att3rd,Touches_AttPen,Take-Ons_Att,Take-Ons_Succ,Total_Cmp,Total_Att,Total_Cmp%,KP_,1/3_,PPA_,CrsPA_,Tackles_Tkl,Tackles_TklW,Int_,Tkl+Int_,Blocks_Sh,Clr_,Err_
Aaron Cresswell,0,0,0,0,0,0.0,0.0,0.1,0.1,0.0,0.0,0.0,0.0,0.0,0.1,0.28,0.38,0.1,0.38,1,0,0.0,2.81,0.0,0.0,0.0,2,5.63,0,0.0,11,0,0,0,26,36,72.2,2,2,0,0,1,0,0,1,0,3,0
Aaron Ramsdale,0,0,0,0,0,0.0,0.0,0.0,0.0,0.0,0.0,0.0,0.0,0.0,0.0,0.0,0.0,0.0,0.0,0,0,0.0,0.0,0.0,0.0,0.0,1,0.11,0,0.0,0,0,0,0,316,415,76.1,0,10,1,0,0,0,2,2,0,6,2
Aaron Wan-Bissaka,2,0,2,2,0,0.6,0.6,0.4,1.1,0.15,0.0,0.15,0.15,0.15,0.05,0.03,0.08,0.05,0.08,7,3,42.9,0.54,0.23,0.29,0.67,40,3.06,3,0.23,243,19,45,22,523,645,81.1,11,40,13,4,26,19,22,48,4,44,0
Abdoulaye Doucouré,0,0,0,0,0,0.6,0.6,0.5,1.1,0.0,0.0,0.0,0.0,0.0,0.05,0.05,0.1,0.05,0.1,7,1,14.3,0.64,0.09,0.0,0.0,25,2.29,1,0.09,132,14,10,7,328,398,82.4,13,19,5,0,17,7,5,22,4,9,0
Abdul Fatawu Issahaku,0,2,2,0,0,0.4,0.4,1.6,2.0,0.0,0.31,0.31,0.0,0.31,0.06,0.24,0.31,0.06,0.31,13,5,38.5,2.02,0.78,0.0,0.0,17,2.64,3,0.47,157,26,69,29,123,197,62.4,6,7,7,2,21,15,4,25,0,12,0
Adam Armstrong,2,1,3,2,0,2.9,2.0,0.4,2.4,0.21,0.11,0.32,0.21,0.32,0.31,0.05,0.35,0.21,0.25,18,5,27.8,1.9,0.53,0.11,0.4,13,1.37,3,0.32,142,38,11,4,158,199,79.4,6,8,6,1,9,2,3,12,1,5,0
Adam Lallana,0,2,2,0,0,0.2,0.2,0.9,1.0,0.0,0.57,0.57,0.0,0.57,0.05,0.25,0.3,0.05,0.3,3,0,0.0,0.86,0.0,0.0,0.0,7,2.0,2,0.57,59,6,9,5,200,228,87.7,3,19,8,2,6,5,4,10,1,5,0
Adam Smith,0,0,0,0,0,0.6,0.6,0.1,0.7,0.0,0.0,0.0,0.0,0.0,0.06,0.01,0.07,0.06,0.07,1,0,0.0,0.1,0.0,0.0,0.0,11,1.07,0,0.0,99,2,9,3,274,357,76.8,3,29,3,1,16,8,11,27,2,33,0
Adam Webster,0,0,0,0,0,0.0,0.0,0.0,0.0,0.0,0.0,0.0,0.0,0.0,0.0,0.0,0.0,0.0,0.0,0,0,0.0,0.0,0.0,0.0,0.0,1,1.14,0,0.0,3,1,0,0,69,78,88.5,0,9,0,0,0,0,1,1,3,3,1
Adam Wharton,0,0,0,0,0,0.2,0.2,0.6,0.8,0.0,0.0,0.0,0.0,0.0,0.03,0.09,0.12,0.03,0.12,9,5,55.6,1.3,0.72,0.0,0.0,26,3.77,1,0.14,109,6,7,1,285,362,78.7,8,39,11,2,18,10,10,28,0,13,0
Adama Traoré,1,3,4,1,0,2.8,2.8,2.2,5.0,0.11,0.33,0.44,0.11,0.44,0.31,0.24,0.55,0.31,0.55,22,8,36.4,2.41,0.88,0.05,0.13,37,4.06,3,0.33,218,47,47,23,198,277,71.5,17,14,14,7,9,5,1,10,0,4,1
Alejandro Garnacho,3,1,4,3,0,4.0,4.0,1.1,5.1,0.29,0.1,0.38,0.29,0.38,0.38,0.1,0.49,0.38,0.49,36,15,41.7,3.44,1.43,0.08,0.2,25,2.39,2,0.19,253,62,37,8,262,328,79.9,10,9,6,1,13,10,6,19,0,8,1
Alex Iwobi,5,3,8,5,0,2.4,2.4,3.5,5.8,0.32,0.19,0.52,0.32,0.52,0.15,0.22,0.38,0.15,0.38,27,14,51.9,1.75,0.91,0.19,0.36,62,4.02,10,0.65,397,55,45,22,500,658,76.0,27,53,37,4,21,12,6,27,1,19,0
Alex McCarthy,0,0,0,0,0,0.0,0.0,0.0,0.0,0.0,0.0,0.0,0.0,0.0,0.0,0.0,0.0,0.0,0.0,0,0,0.0,0.0,0.0,0.0,0.0,0,0.0,0,0.0,0,0,0,0,90,117,76.9,0,3,0,0,0,0,0,0,0,1,4
Alex Scott,0,0,0,0,0,0.1,0.1,0.2,0.3,0.0,0.0,0.0,0.0,0.0,0.05,0.07,0.12,0.05,0.12,3,1,33.3,1.03,0.34,0.0,0.0,11,3.75,0,0.0,58,5,13,2,116,132,87.9,5,22,4,0,16,7,6,22,1,5,0
Alexander Isak,7,4,11,7,0,7.1,7.1,2.5,9.6,0.56,0.32,0.88,0.56,0.88,0.56,0.2,0.76,0.56,0.76,41,15,36.6,3.27,1.2,0.17,0.47,42,3.35,5,0.4,252,75,40,18,204,274,74.5,22,17,7,0,5,3,1,6,1,5,1
Alexis Mac Allister,0,0,0,0,0,0.6,0.6,1.4,2.0,0.0,0.0,0.0,0.0,0.0,0.05,0.13,0.18,0.05,0.18,10,5,50.0,0.91,0.46,0.0,0.0,44,4.02,3,0.27,188,24,15,4,487,565,86.2,15,48,13,1,39,27,4,43,0,10,0
Alfie Dorrington,0,0,0,0,0,0.0,0.0,0.0,0.0,0.0,0.0,0.0,0.0,0.0,0.0,0.0,0.0,0.0,0.0,0,0,0.0,0.0,0.0,0.0,0.0,0,0.0,0,0.0,0,0,0,0,15,16,93.8,0,0,0,0,0,0,0,0,0,0,0
Alfie Pond,0,0,0,0,0,0.0,0.0,0.0,0.0,0.0,0.0,0.0,0.0,0.0,0.0,0.0,0.0,0.0,0.0,0,0,0.0,0.0,0.0,0.0,0.0,0,0.0,0,0.0,0,0,0,0,1,1,100.0,0,0,0,0,0,0,0,0,0,0,0
Ali Al Hamadi,0,0,0,0,0,0.1,0.1,0.0,0.1,0.0,0.0,0.0,0.0,0.0,0.07,0.06,0.13,0.07,0.13,1,0,0.0,1.22,0.0,0.0,0.0,5,6.08,0,0.0,16,3,2,2,13,17,76.5,1,0,0,0,1,0,0,1,0,2,0
Alisson,0,0,0,0,0,0.0,0.0,0.0,0.0,0.0,0.0,0.0,0.0,0.0,0.0,0.0,0.0,0.0,0.0,0,0,0.0,0.0,0.0,0.0,0.0,1,0.15,0,0.0,0,0,0,0,215,253,85.0,0,3,0,0,0,0,0,0,0,2,0
Alphonse Areola,0,0,0,0,0,0.0,0.0,0.0,0.0,0.0,0.0,0.0,0.0,0.0,0.0,0.0,0.0,0.0,0.0,0,0,0.0,0.0,0.0,0.0,0.0,1,0.13,0,0.0,0,0,0,0,211,289,73.0,0,4,0,0,1,1,0,1,0,5,0
Amad Diallo,2,6,8,2,0,2.0,2.0,2.2,4.2,0.2,0.61,0.81,0.2,0.81,0.2,0.22,0.42,0.2,0.42,24,8,33.3,2.44,0.81,0.08,0.25,48,4.88,13,1.32,291,64,46,23,381,458,83.2,21,15,20,2,23,19,8,31,0,11,0
Amadou Onana,2,0,2,2,0,1.6,1.6,0.1,1.7,0.25,0.0,0.25,0.25,0.25,0.2,0.02,0.21,0.2,0.21,11,4,36.4,1.37,0.5,0.18,0.5,13,1.62,2,0.25,79,13,11,7,297,332,89.5,3,22,4,1,25,15,16,41,5,17,2
Andreas Pereira,2,0,2,2,0,2.8,2.0,2.0,4.1,0.18,0.0,0.18,0.18,0.18,0.25,0.18,0.43,0.18,0.36,21,7,33.3,1.87,0.62,0.1,0.29,62,5.52,2,0.18,297,19,14,6,368,537,68.5,33,32,12,3,10,4,4,14,1,3,0
Andrew Robertson,0,0,0,0,0,0.5,0.5,2.2,2.7,0.0,0.0,0.0,0.0,0.0,0.04,0.19,0.23,0.04,0.23,4,2,50.0,0.35,0.17,0.0,0.0,30,2.59,0,0.0,256,19,7,2,684,816,83.8,19,52,12,6,18,10,6,24,1,17,0
André,0,0,0,0,0,0.1,0.1,0.2,0.3,0.0,0.0,0.0,0.0,0.0,0.01,0.03,0.03,0.01,0.03,2,1,50.0,0.25,0.12,0.0,0.0,14,1.73,1,0.12,48,1,8,4,338,365,92.6,4,25,2,0,30,22,6,36,5,11,1
André Onana,0,0,0,0,0,0.0,0.0,0.2,0.2,0.0,0.0,0.0,0.0,0.0,0.0,0.01,0.01,0.0,0.01,0,0,0.0,0.0,0.0,0.0,0.0,4,0.25,0,0.0,0,0,0,0,528,673,78.5,1,12,0,0,1,1,0,1,0,7,2
Andy Irving,0,0,0,0,0,0.0,0.0,0.0,0.0,0.0,0.0,0.0,0.0,0.0,0.06,0.0,0.06,0.06,0.06,1,1,100.0,1.76,1.76,0.0,0.0,1,1.73,0,0.0,8,0,0,0,46,47,97.9,0,6,0,0,4,3,0,4,0,2,0
Anthony Elanga,1,2,3,1,0,1.1,1.1,1.2,2.3,0.11,0.22,0.33,0.11,0.33,0.12,0.13,0.25,0.12,0.25,13,4,30.8,1.43,0.44,0.08,0.25,30,3.29,3,0.33,207,35,29,6,163,263,62.0,15,8,5,0,8,5,3,11,0,15,0
Anthony Gordon,3,2,5,2,1,4.9,3.3,3.1,6.4,0.23,0.15,0.38,0.15,0.3,0.37,0.23,0.61,0.25,0.49,26,10,38.5,1.98,0.76,0.08,0.2,62,4.72,7,0.53,338,66,56,20,336,467,71.9,33,27,25,12,16,8,5,21,1,1,1
Antoine Semenyo,4,1,5,4,0,4.4,4.4,2.8,7.2,0.29,0.07,0.37,0.29,0.37,0.32,0.21,0.53,0.32,0.53,58,13,22.4,4.24,0.95,0.07,0.31,54,3.95,4,0.29,347,77,60,34,298,416,71.6,19,25,17,4,23,14,4,27,4,11,0
Antonee Robinson,0,6,6,0,0,0.3,0.3,2.5,2.8,0.0,0.37,0.37,0.0,0.37,0.02,0.16,0.17,0.02,0.17,9,1,11.1,0.56,0.06,0.0,0.0,34,2.12,7,0.44,314,30,39,22,669,880,76.0,17,54,28,14,50,31,31,81,3,58,0
Antony,0,0,0,0,0,0.2,0.2,0.1,0.3,0.0,0.0,0.0,0.0,0.0,0.38,0.12,0.5,0.38,0.5,3,2,66.7,5.09,3.4,0.0,0.0,3,5.09,0,0.0,16,2,1,0,13,18,72.2,1,0,0,0,2,0,2,4,0,0,0
Archie Gray,0,0,0,0,0,0.0,0.0,0.0,0.0,0.0,0.0,0.0,0.0,0.0,0.01,0.0,0.01,0.01,0.01,1,1,100.0,0.37,0.37,0.0,0.0,1,0.37,0,0.0,25,0,6,3,203,228,89.0,0,9,0,0,6,2,2,8,3,4,0
Arijanet Muric,0,0,0,0,0,0.0,0.0,0.0,0.0,0.0,0.0,0.0,0.0,0.0,0.0,0.0,0.0,0.0,0.0,0,0,0.0,0.0,0.0,0.0,0.0,1,0.07,0,0.0,0,0,0,0,381,526,72.4,0,12,0,0,0,0,0,0,0,10,4
Armando Broja,0,0,0,0,0,0.0,0.0,0.0,0.0,0.0,0.0,0.0,0.0,0.0,0.0,0.0,0.0,0.0,0.0,0,0,0.0,0.0,0.0,0.0,0.0,1,2.73,0,0.0,11,3,7,4,4,6,66.7,0,1,0,0,1,0,0,1,0,1,0
Asher Agbinone,0,0,0,0,0,0.0,0.0,0.0,0.1,0.0,0.0,0.0,0.0,0.0,0.29,0.5,0.79,0.29,0.79,1,0,0.0,15.0,0.0,0.0,0.0,1,15.0,0,0.0,6,0,2,0,2,3,66.7,1,0,0,0,2,1,0,2,0,0,0
Ashley Young,1,3,4,1,0,0.2,0.2,1.1,1.3,0.08,0.24,0.32,0.08,0.32,0.01,0.09,0.11,0.01,0.11,4,2,50.0,0.32,0.16,0.25,0.5,30,2.4,5,0.4,183,3,7,4,458,629,72.8,16,55,16,7,39,21,16,55,2,40,0
Axel Disasi,1,0,1,1,0,0.2,0.2,0.0,0.2,0.49,0.0,0.49,0.49,0.49,0.12,0.0,0.12,0.12,0.12,1,1,100.0,0.49,0.49,1.0,1.0,0,0.0,0,0.0,12,1,1,1,123,137,89.8,0,6,0,0,1,1,1,2,1,7,0
Axel Tuanzebe,0,0,0,0,0,0.2,0.2,0.2,0.4,0.0,0.0,0.0,0.0,0.0,0.02,0.03,0.05,0.02,0.05,3,0,0.0,0.35,0.0,0.0,0.0,6,0.7,0,0.0,63,6,3,2,291,353,82.4,3,25,0,0,18,11,11,29,3,25,0
Bart Verbruggen,0,0,0,0,0,0.0,0.0,0.0,0.0,0.0,0.0,0.0,0.0,0.0,0.0,0.0,0.0,0.0,0.0,0,0,0.0,0.0,0.0,0.0,0.0,2,0.14,0,0.0,0,0,1,1,433,538,80.5,0,3,0,0,0,0,0,0,0,11,3
Ben Brereton,0,0,0,0,0,0.9,0.9,0.1,1.0,0.0,0.0,0.0,0.0,0.0,0.18,0.02,0.2,0.18,0.2,11,1,9.1,2.2,0.2,0.0,0.0,9,1.8,0,0.0,112,20,4,1,128,166,77.1,3,9,2,1,3,2,0,3,1,4,0
Ben Davies,0,0,0,0,0,0.0,0.0,0.0,0.0,0.0,0.0,0.0,0.0,0.0,0.0,0.0,0.0,0.0,0.0,0,0,0.0,0.0,0.0,0.0,0.0,0,0.0,0,0.0,4,1,0,0,160,177,90.4,0,11,0,0,1,0,5,6,5,18,0
Ben Johnson,0,1,1,0,0,0.0,0.0,0.4,0.4,0.0,0.18,0.18,0.0,0.18,0.01,0.07,0.08,0.01,0.08,1,1,100.0,0.18,0.18,0.0,0.0,10,1.8,2,0.36,70,2,11,5,156,216,72.2,3,10,1,1,22,13,9,31,3,10,0
Ben Mee,0,0,0,0,0,0.0,0.0,0.0,0.0,0.0,0.0,0.0,0.0,0.0,0.0,0.0,0.0,0.0,0.0,0,0,0.0,0.0,0.0,0.0,0.0,0,0.0,0,0.0,1,0,0,0,5,9,55.6,0,2,0,0,1,1,1,2,1,1,0
Ben White,0,1,1,0,0,0.1,0.1,0.4,0.6,0.0,0.13,0.13,0.0,0.13,0.02,0.06,0.07,0.02,0.07,4,1,25.0,0.52,0.13,0.0,0.0,8,1.04,1,0.13,93,7,2,0,294,352,83.5,3,27,6,1,10,6,11,21,5,23,0
Benoît Badiashile,0,0,0,0,0,0.0,0.0,0.0,0.0,0.0,0.0,0.0,0.0,0.0,0.0,0.0,0.0,0.0,0.0,0,0,0.0,0.0,0.0,0.0,0.0,0,0.0,0,0.0,11,0,1,0,200,223,89.7,0,21,1,0,6,4,6,12,2,6,1
Bernardo Silva,1,4,5,1,0,2.4,2.4,3.7,6.1,0.07,0.28,0.35,0.07,0.35,0.17,0.26,0.43,0.17,0.43,21,7,33.3,1.47,0.49,0.05,0.14,57,3.99,7,0.49,487,100,37,18,711,831,85.6,32,40,18,4,16,11,11,27,2,11,3
Bernd Leno,0,1,1,0,0,0.0,0.0,0.1,0.1,0.0,0.06,0.06,0.0,0.06,0.0,0.0,0.0,0.0,0.0,0,0,0.0,0.0,0.0,0.0,0.0,3,0.19,1,0.06,0,0,0,0,508,631,80.5,1,6,1,0,0,0,0,0,0,3,3
Beto,1,0,1,1,0,1.6,1.6,0.0,1.6,0.48,0.0,0.48,0.48,0.48,0.78,0.0,0.78,0.78,0.78,10,3,30.0,4.81,1.44,0.1,0.33,4,1.93,0,0.0,32,15,7,4,10,21,47.6,0,0,0,0,2,0,0,2,0,2,0
Bilal El Khannouss,1,1,2,1,0,0.2,0.2,1.5,1.8,0.18,0.18,0.35,0.18,0.35,0.04,0.27,0.31,0.04,0.31,4,1,25.0,0.7,0.18,0.25,1.0,14,2.46,1,0.18,106,6,13,8,208,270,77.0,10,28,9,1,15,6,3,18,0,2,0
Billy Gilmour,0,0,0,0,0,0.1,0.1,0.0,0.1,0.0,0.0,0.0,0.0,0.0,0.07,0.0,0.07,0.07,0.07,1,0,0.0,0.92,0.0,0.0,0.0,3,2.76,0,0.0,13,0,2,1,58,67,86.6,0,12,2,0,3,3,0,3,0,1,0
Bobby Reid,1,0,1,1,0,0.7,0.7,0.1,0.8,0.37,0.0,0.37,0.37,0.37,0.27,0.05,0.32,0.27,0.32,5,2,40.0,1.87,0.75,0.2,0.5,5,1.87,2,0.75,34,5,2,0,59,81,72.8,1,4,2,0,3,2,0,3,1,4,0
Boubacar Kamara,0,0,0,0,0,0.0,0.0,0.1,0.1,0.0,0.0,0.0,0.0,0.0,0.0,0.02,0.02,0.0,0.02,0,0,0.0,0.0,0.0,0.0,0.0,3,0.78,1,0.26,29,1,7,1,171,183,93.4,1,17,2,0,6,3,6,12,3,10,1
Boubakary Soumaré,0,0,0,0,0,0.1,0.1,0.0,0.1,0.0,0.0,0.0,0.0,0.0,0.01,0.0,0.02,0.01,0.02,2,0,0.0,0.38,0.0,0.0,0.0,8,1.52,0,0.0,39,3,17,7,248,285,87.0,1,20,2,0,12,4,3,15,2,5,1
Brajan Gruda,0,0,0,0,0,0.0,0.0,0.1,0.2,0.0,0.0,0.0,0.0,0.0,0.05,0.12,0.17,0.05,0.17,1,0,0.0,1.03,0.0,0.0,0.0,2,2.07,0,0.0,28,7,4,3,27,40,67.5,2,1,0,0,3,1,0,3,0,1,0
Brennan Johnson,6,1,7,6,0,7.0,7.0,0.8,7.8,0.46,0.08,0.54,0.46,0.54,0.54,0.06,0.6,0.54,0.6,37,11,29.7,2.84,0.85,0.16,0.55,25,1.92,3,0.23,295,87,22,11,239,343,69.7,11,11,20,4,26,16,3,29,2,8,0
Bruno Fernandes,4,5,9,2,2,5.6,4.0,3.8,7.9,0.27,0.34,0.6,0.13,0.47,0.38,0.26,0.63,0.27,0.53,41,8,19.5,2.76,0.54,0.05,0.25,68,4.57,6,0.4,411,40,26,11,662,867,76.4,34,78,23,5,35,22,12,47,2,18,1
Bruno Guimarães,1,3,4,1,0,1.8,1.8,1.7,3.5,0.06,0.19,0.26,0.06,0.26,0.11,0.11,0.23,0.11,0.23,19,5,26.3,1.22,0.32,0.05,0.2,47,3.03,6,0.39,221,17,42,22,621,761,81.6,15,77,22,3,34,20,14,48,5,13,2
Bryan Mbeumo,10,2,12,8,2,4.8,3.2,3.0,6.2,0.63,0.13,0.75,0.5,0.63,0.3,0.19,0.49,0.2,0.39,25,13,52.0,1.57,0.82,0.32,0.62,57,3.58,8,0.5,386,47,46,21,370,535,69.2,27,24,22,7,19,10,5,24,2,23,0
Bukayo Saka,5,10,15,4,1,4.2,3.4,5.8,9.2,0.36,0.72,1.08,0.29,1.01,0.3,0.42,0.72,0.25,0.67,45,17,37.8,3.25,1.23,0.09,0.24,89,6.43,21,1.52,533,115,73,33,404,541,74.7,42,11,28,9,22,13,2,24,0,7,0
Caleb Kporha,0,0,0,0,0,0.0,0.0,0.0,0.0,0.0,0.0,0.0,0.0,0.0,0.0,0.0,0.0,0.0,0.0,0,0,0.0,0.0,0.0,0.0,0.0,0,0.0,0,0.0,3,0,0,0,3,5,60.0,0,0,1,1,0,0,0,0,0,0,0
Caleb Okoli,0,0,0,0,0,0.1,0.1,0.0,0.1,0.0,0.0,0.0,0.0,0.0,0.02,0.0,0.02,0.02,0.02,3,1,33.3,0.34,0.11,0.0,0.0,2,0.23,0,0.0,16,7,0,0,394,457,86.2,0,14,0,0,18,10,10,28,11,56,1
Callum Hudson-Odoi,2,1,3,2,0,1.3,1.3,1.3,2.6,0.16,0.08,0.24,0.16,0.24,0.1,0.1,0.2,0.1,0.2,21,8,38.1,1.66,0.63,0.1,0.25,58,4.58,4,0.32,336,40,32,21,363,443,81.9,25,12,14,3,13,8,6,19,0,4,1
Callum Wilson,0,0,0,0,0,0.0,0.0,0.0,0.0,0.0,0.0,0.0,0.0,0.0,0.0,0.0,0.0,0.0,0.0,0,0,0.0,0.0,0.0,0.0,0.0,1,1.48,0,0.0,5,3,2,0,6,8,75.0,0,0,0,0,1,1,0,1,0,0,0
Calvin Bassey,0,0,0,0,0,0.3,0.3,0.0,0.3,0.0,0.0,0.0,0.0,0.0,0.02,0.0,0.02,0.02,0.02,7,2,28.6,0.47,0.13,0.0,0.0,6,0.4,1,0.07,40,5,10,3,797,893,89.2,1,53,0,0,16,11,7,23,13,50,3
Cameron Archer,2,0,2,2,0,4.4,3.6,0.2,3.8,0.21,0.0,0.21,0.21,0.21,0.46,0.02,0.48,0.38,0.4,20,6,30.0,2.11,0.63,0.1,0.33,10,1.06,0,0.0,89,37,18,6,109,132,82.6,1,5,5,0,8,5,2,10,1,3,0
Cameron Burgess,0,1,1,0,0,0.6,0.6,0.3,0.9,0.0,0.12,0.12,0.0,0.12,0.07,0.04,0.12,0.07,0.12,8,1,12.5,1.0,0.12,0.0,0.0,5,0.62,2,0.25,32,17,0,0,315,398,79.1,3,20,2,0,6,5,6,12,9,58,1
Caoimhín Kelleher,0,0,0,0,0,0.0,0.0,0.0,0.0,0.0,0.0,0.0,0.0,0.0,0.0,0.0,0.0,0.0,0.0,0,0,0.0,0.0,0.0,0.0,0.0,3,0.37,1,0.12,0,0,1,1,221,296,74.7,0,5,0,0,0,0,0,0,0,0,2
Carlos Alcaraz,0,0,0,0,0,0.1,0.1,0.1,0.2,0.0,0.0,0.0,0.0,0.0,0.62,0.86,1.48,0.62,1.48,1,1,100.0,9.0,9.0,0.0,0.0,1,9.0,0,0.0,9,2,2,0,13,13,100.0,1,4,1,1,0,0,1,1,0,0,0
Carlos Baleba,2,1,3,2,0,1.0,1.0,0.6,1.6,0.2,0.1,0.3,0.2,0.3,0.1,0.06,0.16,0.1,0.16,20,6,30.0,2.01,0.6,0.1,0.33,24,2.41,2,0.2,132,5,26,14,381,429,88.8,9,43,7,0,27,15,22,49,3,6,0
Carlos Forbs,0,0,0,0,0,0.1,0.1,0.0,0.1,0.0,0.0,0.0,0.0,0.0,0.05,0.02,0.06,0.05,0.06,1,0,0.0,0.44,0.0,0.0,0.0,4,1.76,1,0.44,46,10,9,5,45,71,63.4,1,1,3,1,6,5,1,7,0,2,1
Carlos Soler,0,1,1,0,0,0.7,0.7,0.7,1.4,0.0,0.16,0.16,0.0,0.16,0.12,0.12,0.24,0.12,0.24,15,4,26.7,2.45,0.65,0.0,0.0,25,4.08,1,0.16,98,9,7,3,227,267,85.0,7,21,7,0,6,6,2,8,1,5,0
Casemiro,1,0,1,1,0,1.0,1.0,2.0,2.9,0.12,0.0,0.12,0.12,0.12,0.11,0.24,0.35,0.11,0.35,15,4,26.7,1.81,0.48,0.07,0.25,36,4.35,3,0.36,119,18,5,3,393,491,80.0,14,42,10,3,35,22,7,42,5,27,3
Chadi Riad,0,0,0,0,0,0.0,0.0,0.0,0.0,0.0,0.0,0.0,0.0,0.0,0.0,0.0,0.0,0.0,0.0,0,0,0.0,0.0,0.0,0.0,0.0,0,0.0,0,0.0,1,0,0,0,70,82,85.4,0,8,1,0,5,2,2,7,0,0,0
Charlie Taylor,0,0,0,0,0,0.0,0.0,0.1,0.1,0.0,0.0,0.0,0.0,0.0,0.0,0.03,0.03,0.0,0.03,0,0,0.0,0.0,0.0,0.0,0.0,2,0.81,1,0.41,33,1,2,2,130,153,85.0,1,6,2,1,7,5,3,10,3,21,1
Cheick Doucouré,0,0,0,0,0,0.4,0.4,0.0,0.4,0.0,0.0,0.0,0.0,0.0,0.13,0.0,0.13,0.13,0.13,6,0,0.0,2.19,0.0,0.0,0.0,5,1.82,2,0.73,25,4,4,2,97,109,89.0,0,6,2,0,7,3,6,13,0,3,0
Chiedozie Ogbene,0,0,0,0,0,0.0,0.0,0.1,0.1,0.0,0.0,0.0,0.0,0.0,0.0,0.03,0.03,0.0,0.03,0,0,0.0,0.0,0.0,0.0,0.0,3,1.13,0,0.0,40,6,7,1,32,43,74.4,2,0,0,0,7,3,1,8,0,3,0
Chiquinho,0,0,0,0,0,0.0,0.0,0.0,0.0,0.0,0.0,0.0,0.0,0.0,0.0,0.42,0.42,0.0,0.42,0,0,0.0,0.0,0.0,0.0,0.0,2,25.71,0,0.0,2,1,0,0,3,3,100.0,1,0,1,1,0,0,0,0,0,0,0
Chris Richards,0,0,0,0,0,0.1,0.1,0.0,0.1,0.0,0.0,0.0,0.0,0.0,0.03,0.0,0.03,0.03,0.03,1,0,0.0,0.25,0.0,0.0,0.0,1,0.25,0,0.0,12,2,1,0,135,162,83.3,0,2,0,0,10,5,3,13,1,18,0
Chris Wood,10,0,10,8,2,6.2,4.6,1.0,5.6,0.73,0.0,0.73,0.58,0.58,0.45,0.07,0.52,0.34,0.41,26,15,57.7,1.89,1.09,0.31,0.53,15,1.09,0,0.0,125,44,6,2,125,199,62.8,6,8,3,1,1,1,4,5,2,9,0
Christian Eriksen,0,0,0,0,0,0.1,0.1,1.7,1.8,0.0,0.0,0.0,0.0,0.0,0.02,0.29,0.31,0.02,0.31,3,0,0.0,0.53,0.0,0.0,0.0,25,4.43,5,0.89,113,7,0,0,285,345,82.6,14,27,1,0,9,3,4,13,1,5,0
Christian Nørgaard,1,2,3,1,0,1.7,1.7,0.4,2.2,0.08,0.17,0.25,0.08,0.25,0.14,0.04,0.18,0.14,0.18,15,5,33.3,1.27,0.42,0.07,0.2,20,1.69,7,0.59,115,18,6,3,443,538,82.3,8,60,3,1,36,23,17,53,6,27,1
Christian Walton,0,0,0,0,0,0.0,0.0,0.0,0.0,0.0,0.0,0.0,0.0,0.0,0.0,0.0,0.0,0.0,0.0,0,0,0.0,0.0,0.0,0.0,0.0,0,0.0,0,0.0,0,0,0,0,33,42,78.6,0,0,0,0,0,0,0,0,0,0,0
Christopher Nkunku,2,1,3,2,0,3.0,3.0,1.5,4.4,0.59,0.3,0.89,0.59,0.89,0.87,0.43,1.3,0.87,1.3,13,4,30.8,3.84,1.18,0.15,0.5,17,5.0,2,0.59,82,23,13,5,95,103,92.2,7,6,2,0,3,3,2,5,1,6,0
Cody Gakpo,3,1,4,3,0,2.9,2.9,1.2,4.0,0.39,0.13,0.52,0.39,0.52,0.38,0.15,0.53,0.38,0.53,24,8,33.3,3.13,1.04,0.13,0.38,28,3.65,1,0.13,205,37,21,15,191,256,74.6,13,10,9,3,13,8,6,19,0,7,1
Cole Palmer,11,6,17,8,3,10.3,7.9,5.9,13.9,0.71,0.39,1.1,0.52,0.91,0.67,0.38,1.05,0.52,0.9,54,21,38.9,3.5,1.36,0.15,0.38,88,5.71,10,0.65,382,61,47,19,478,642,74.5,44,67,37,8,11,7,5,16,1,7,0
Conor Bradley,0,0,0,0,0,0.4,0.4,0.0,0.4,0.0,0.0,0.0,0.0,0.0,0.15,0.0,0.15,0.15,0.15,5,2,40.0,1.91,0.76,0.0,0.0,6,2.3,1,0.38,67,15,3,2,166,192,86.5,0,7,0,0,3,2,2,5,0,11,0
Conor Chaplin,1,1,2,1,0,1.2,1.2,0.4,1.6,0.16,0.16,0.33,0.16,0.33,0.19,0.06,0.25,0.19,0.25,12,3,25.0,1.95,0.49,0.08,0.33,16,2.61,1,0.16,89,12,5,3,157,209,75.1,4,15,7,2,9,5,3,12,1,2,0
Conor Coady,0,0,0,0,0,0.0,0.0,0.0,0.0,0.0,0.0,0.0,0.0,0.0,0.0,0.0,0.0,0.0,0.0,0,0,0.0,0.0,0.0,0.0,0.0,1,0.24,0,0.0,5,0,1,1,194,220,88.2,0,11,0,0,5,3,3,8,8,14,1
Conor Townsend,0,0,0,0,0,0.0,0.0,0.0,0.0,0.0,0.0,0.0,0.0,0.0,0.0,1.6,1.6,0.0,1.6,0,0,0.0,0.0,0.0,0.0,0.0,0,0.0,0,0.0,1,0,0,0,0,0,0.0,1,0,0,0,1,1,0,1,0,0,0
Craig Dawson,0,0,0,0,0,0.5,0.5,0.0,0.5,0.0,0.0,0.0,0.0,0.0,0.05,0.0,0.05,0.05,0.05,4,1,25.0,0.41,0.1,0.0,0.0,6,0.61,2,0.2,23,12,5,1,437,503,86.9,2,21,1,0,14,3,9,23,11,48,1
Cristian Romero,1,0,1,1,0,1.1,1.1,0.5,1.6,0.09,0.0,0.09,0.09,0.09,0.1,0.05,0.15,0.1,0.15,11,4,36.4,1.02,0.37,0.09,0.25,16,1.48,2,0.18,54,16,3,1,793,880,90.1,6,85,7,1,27,23,13,40,3,32,0
Crysencio Summerville,1,1,2,1,0,1.3,1.3,1.5,2.8,0.15,0.15,0.3,0.15,0.3,0.2,0.23,0.43,0.2,0.43,9,3,33.3,1.37,0.46,0.11,0.33,25,3.81,1,0.15,141,28,25,7,145,190,76.3,14,6,11,5,10,6,0,10,3,6,0
Curtis Jones,2,1,3,2,0,1.9,1.9,0.2,2.1,0.28,0.14,0.42,0.28,0.42,0.27,0.03,0.3,0.27,0.3,15,7,46.7,2.12,0.99,0.13,0.29,12,1.7,3,0.42,139,20,10,7,371,393,94.4,6,28,7,0,13,6,1,14,4,5,0
Daichi Kamada,0,0,0,0,0,0.6,0.6,1.0,1.5,0.0,0.0,0.0,0.0,0.0,0.08,0.14,0.21,0.08,0.21,8,3,37.5,1.11,0.41,0.0,0.0,27,3.73,1,0.14,117,15,5,2,254,318,79.9,13,28,7,1,20,10,8,28,2,8,0
Dan Burn,0,0,0,0,0,0.7,0.7,0.2,0.9,0.0,0.0,0.0,0.0,0.0,0.05,0.01,0.06,0.05,0.06,10,3,30.0,0.67,0.2,0.0,0.0,7,0.47,1,0.07,47,21,0,0,722,799,90.4,2,5,4,0,15,9,9,24,10,68,1
Dango Ouattara,2,2,4,2,0,2.9,2.9,2.7,5.7,0.34,0.34,0.69,0.34,0.69,0.5,0.47,0.98,0.5,0.98,14,3,21.4,2.41,0.52,0.14,0.67,19,3.28,2,0.34,151,38,24,9,104,188,55.3,10,2,5,3,15,14,5,20,1,14,0
Daniel Jebbison,0,0,0,0,0,0.0,0.0,0.0,0.0,0.0,0.0,0.0,0.0,0.0,0.0,0.07,0.07,0.0,0.07,0,0,0.0,0.0,0.0,0.0,0.0,2,6.43,0,0.0,3,1,0,0,3,5,60.0,1,1,0,0,0,0,0,0,0,1,0
Daniel Muñoz,2,1,3,2,0,2.7,2.7,1.7,4.4,0.13,0.07,0.2,0.13,0.2,0.18,0.11,0.29,0.18,0.29,17,6,35.3,1.13,0.4,0.12,0.33,35,2.33,2,0.13,282,44,24,8,492,656,75.0,16,24,8,4,56,38,16,72,2,43,0
Daniel Podence,0,0,0,0,0,0.0,0.0,0.0,0.0,0.0,0.0,0.0,0.0,0.0,0.07,0.0,0.07,0.07,0.07,1,0,0.0,1.87,0.0,0.0,0.0,0,0.0,0,0.0,7,0,2,2,11,16,68.8,0,1,1,0,0,0,0,0,0,0,0
Danilo,0,0,0,0,0,0.0,0.0,0.0,0.0,0.0,0.0,0.0,0.0,0.0,0.0,0.0,0.0,0.0,0.0,0,0,0.0,0.0,0.0,0.0,0.0,0,0.0,0,0.0,0,0,3,1,3,3,100.0,0,0,0,0,0,0,0,0,0,0,0
Danny Ings,1,1,2,1,0,2.1,2.1,0.7,2.8,0.5,0.5,1.0,0.5,1.0,1.03,0.37,1.41,1.03,1.41,11,5,45.5,5.5,2.5,0.09,0.2,10,5.0,2,1.0,52,19,5,3,42,65,64.6,4,2,0,0,2,1,1,3,0,2,0
Danny Ward,0,0,0,0,0,0.0,0.0,0.0,0.0,0.0,0.0,0.0,0.0,0.0,0.0,0.0,0.0,0.0,0.0,0,0,0.0,0.0,0.0,0.0,0.0,0,0.0,0,0.0,0,0,0,0,15,23,65.2,0,0,0,0,0,0,0,0,0,1,0
Danny Welbeck,6,2,8,6,0,5.6,5.6,0.5,6.1,0.49,0.16,0.65,0.49,0.65,0.45,0.04,0.49,0.45,0.49,35,13,37.1,2.83,1.05,0.17,0.46,29,2.35,4,0.32,175,50,21,6,214,257,83.3,12,11,9,0,11,6,4,15,1,8,0
Dara O'Shea,0,0,0,0,0,0.6,0.6,0.0,0.6,0.0,0.0,0.0,0.0,0.0,0.04,0.0,0.04,0.04,0.04,10,1,10.0,0.79,0.08,0.0,0.0,8,0.63,1,0.08,57,27,2,1,517,662,78.1,0,40,1,0,18,11,18,36,21,71,3
Darwin Núñez,2,2,4,2,0,2.2,2.2,0.9,3.1,0.28,0.28,0.56,0.28,0.56,0.3,0.13,0.43,0.3,0.43,17,7,41.2,2.37,0.98,0.12,0.29,18,2.51,3,0.42,106,34,12,6,86,118,72.9,6,5,0,0,15,13,1,16,0,7,0
David Brooks,1,0,1,1,0,0.5,0.5,0.6,1.1,0.6,0.0,0.6,0.6,0.6,0.28,0.38,0.66,0.28,0.66,5,2,40.0,2.98,1.19,0.2,0.5,10,6.0,1,0.6,52,6,7,2,50,73,68.5,4,3,7,3,3,1,2,5,1,1,0
David Raya,0,0,0,0,0,0.0,0.0,0.0,0.0,0.0,0.0,0.0,0.0,0.0,0.0,0.0,0.0,0.0,0.0,0,0,0.0,0.0,0.0,0.0,0.0,2,0.12,0,0.0,0,0,0,0,416,571,72.9,0,20,1,0,0,0,1,1,0,8,3
Dean Henderson,0,0,0,0,0,0.0,0.0,0.0,0.0,0.0,0.0,0.0,0.0,0.0,0.0,0.0,0.0,0.0,0.0,1,0,0.0,0.06,0.0,0.0,0.0,0,0.0,0,0.0,1,1,0,0,307,505,60.8,0,4,0,0,2,1,0,2,0,11,0
Dean Huijsen,1,0,1,1,0,0.9,0.9,0.4,1.2,0.21,0.0,0.21,0.21,0.21,0.18,0.07,0.26,0.18,0.26,5,1,20.0,1.04,0.21,0.2,1.0,10,2.07,0,0.0,24,7,1,0,243,291,83.5,6,24,0,0,7,4,10,17,3,29,1
Declan Rice,0,2,2,0,0,1.0,1.0,2.8,3.7,0.0,0.15,0.15,0.0,0.15,0.07,0.21,0.29,0.07,0.29,16,3,18.8,1.24,0.23,0.0,0.0,44,3.4,3,0.23,296,27,14,6,589,710,83.0,23,59,13,0,22,11,10,32,7,19,0
Dejan Kulusevski,4,3,7,4,0,2.2,2.2,3.7,5.9,0.29,0.22,0.51,0.29,0.51,0.16,0.27,0.44,0.16,0.44,25,10,40.0,1.83,0.73,0.16,0.4,75,5.49,5,0.37,394,87,56,20,337,472,71.4,36,33,35,3,17,9,8,25,3,8,0
Destiny Udogie,0,1,1,0,0,0.3,0.3,1.2,1.5,0.0,0.07,0.07,0.0,0.07,0.02,0.08,0.1,0.02,0.1,5,1,20.0,0.35,0.07,0.0,0.0,25,1.73,3,0.21,310,38,24,10,675,775,87.1,12,60,5,1,44,28,16,60,2,25,1
Diego Carlos,0,0,0,0,0,0.6,0.6,0.0,0.6,0.0,0.0,0.0,0.0,0.0,0.08,0.0,0.08,0.08,0.08,4,1,25.0,0.49,0.12,0.0,0.0,3,0.36,0,0.0,11,5,2,2,476,538,88.5,0,22,1,0,7,3,5,12,5,32,2
Diogo Dalot,0,1,1,0,0,0.9,0.9,1.2,2.0,0.0,0.06,0.06,0.0,0.06,0.05,0.07,0.13,0.05,0.13,9,3,33.3,0.58,0.19,0.0,0.0,28,1.79,1,0.06,225,22,18,10,718,869,82.6,10,33,10,1,38,26,23,61,6,31,0
Diogo Jota,3,2,5,3,0,3.1,3.1,1.1,4.2,0.54,0.36,0.89,0.54,0.89,0.55,0.2,0.75,0.55,0.75,16,4,25.0,2.86,0.71,0.19,0.75,12,2.14,4,0.71,101,36,15,5,83,124,66.9,5,7,2,1,4,2,3,7,0,3,0
Djed Spence,0,1,1,0,0,0.1,0.1,0.4,0.5,0.0,0.64,0.64,0.0,0.64,0.03,0.26,0.29,0.03,0.29,1,0,0.0,0.64,0.0,0.0,0.0,4,2.55,2,1.28,30,4,8,2,99,106,93.4,2,12,2,1,5,5,3,8,0,5,0
Dominic Calvert-Lewin,2,1,3,2,0,4.4,4.4,0.4,4.7,0.16,0.08,0.23,0.16,0.23,0.34,0.03,0.37,0.34,0.37,34,14,41.2,2.64,1.09,0.06,0.14,17,1.32,2,0.16,183,65,21,7,121,197,61.4,5,13,4,1,7,5,5,12,1,14,0
Dominic Solanke,5,2,7,5,0,7.0,7.0,1.6,8.6,0.39,0.16,0.55,0.39,0.55,0.55,0.13,0.68,0.55,0.68,32,16,50.0,2.51,1.25,0.16,0.31,25,1.96,7,0.55,157,60,32,14,144,199,72.4,9,15,6,0,11,7,0,11,2,14,0
Dominik Szoboszlai,1,1,2,1,0,1.9,1.9,2.3,4.2,0.09,0.09,0.18,0.09,0.18,0.17,0.2,0.37,0.17,0.37,20,7,35.0,1.75,0.61,0.05,0.14,44,3.85,3,0.26,252,29,16,11,513,605,84.8,24,39,17,3,13,8,6,19,2,6,0
Dwight McNeil,3,3,6,3,0,0.9,0.9,3.5,4.4,0.24,0.24,0.47,0.24,0.47,0.07,0.27,0.34,0.07,0.34,23,8,34.8,1.82,0.63,0.13,0.38,60,4.74,6,0.47,305,18,37,20,377,514,73.3,32,33,32,10,10,6,5,15,0,1,1
Eberechi Eze,1,2,3,1,0,3.5,3.5,2.1,5.6,0.08,0.17,0.25,0.08,0.25,0.29,0.18,0.47,0.29,0.47,43,13,30.2,3.59,1.09,0.02,0.08,54,4.51,3,0.25,275,46,61,24,371,499,74.3,25,27,19,1,20,12,6,26,0,3,1
Eddie Nketiah,0,1,1,0,0,1.4,1.4,1.3,2.7,0.0,0.16,0.16,0.0,0.16,0.23,0.21,0.43,0.23,0.43,20,6,30.0,3.28,0.98,0.0,0.0,19,3.11,1,0.16,112,32,13,7,100,139,71.9,10,7,1,0,11,5,1,12,0,5,0
Ederson,0,1,1,0,0,0.0,0.0,0.4,0.4,0.0,0.08,0.08,0.0,0.08,0.0,0.03,0.03,0.0,0.03,0,0,0.0,0.0,0.0,0.0,0.0,3,0.23,1,0.08,0,0,0,0,400,463,86.4,1,12,1,0,0,0,1,1,0,3,1
Edmond-Paris Maghoma,0,0,0,0,0,0.0,0.0,0.0,0.0,0.0,0.0,0.0,0.0,0.0,0.0,0.0,0.0,0.0,0.0,0,0,0.0,0.0,0.0,0.0,0.0,0,0.0,0,0.0,2,0,0,0,10,11,90.9,0,0,0,0,0,0,1,1,1,0,0
Edson Álvarez,0,0,0,0,0,0.1,0.1,0.4,0.5,0.0,0.0,0.0,0.0,0.0,0.01,0.06,0.07,0.01,0.07,5,0,0.0,0.71,0.0,0.0,0.0,13,1.86,0,0.0,77,5,12,5,314,360,87.2,6,38,7,1,18,10,10,28,3,13,0
Elliot Anderson,0,5,5,0,0,0.9,0.9,2.4,3.3,0.0,0.5,0.5,0.0,0.5,0.09,0.23,0.32,0.09,0.32,19,4,21.1,1.89,0.4,0.0,0.0,49,4.86,9,0.89,239,36,38,20,374,469,79.7,23,38,5,2,36,26,9,45,4,19,1
Emerson Palmieri,1,1,2,1,0,1.1,1.1,1.0,2.1,0.08,0.08,0.16,0.08,0.16,0.09,0.08,0.17,0.09,0.17,8,4,50.0,0.65,0.33,0.13,0.25,25,2.04,1,0.08,198,13,10,4,483,603,80.1,11,24,8,4,37,20,12,49,4,26,0
Emi Buendía,0,0,0,0,0,0.1,0.1,0.0,0.1,0.0,0.0,0.0,0.0,0.0,0.18,0.04,0.22,0.18,0.22,1,0,0.0,2.09,0.0,0.0,0.0,2,4.19,0,0.0,16,0,0,0,31,38,81.6,1,4,0,0,3,3,0,3,0,1,0
Emil Krafth,0,0,0,0,0,0.0,0.0,0.1,0.1,0.0,0.0,0.0,0.0,0.0,0.01,0.03,0.05,0.01,0.05,1,0,0.0,0.37,0.0,0.0,0.0,3,1.12,0,0.0,6,3,0,0,59,74,79.7,1,3,0,0,2,1,2,4,4,10,0
Emile Smith Rowe,3,2,5,3,0,2.2,2.2,1.0,3.1,0.25,0.17,0.41,0.25,0.41,0.18,0.08,0.26,0.18,0.26,18,4,22.2,1.49,0.33,0.17,0.75,40,3.3,8,0.66,266,34,22,12,505,561,90.0,16,50,7,0,21,13,7,28,1,7,0
Emiliano Martínez,0,0,0,0,0,0.0,0.0,0.0,0.0,0.0,0.0,0.0,0.0,0.0,0.0,0.0,0.0,0.0,0.0,0,0,0.0,0.0,0.0,0.0,0.0,3,0.19,0,0.0,0,0,1,1,468,568,82.4,0,10,0,0,1,1,0,1,0,9,4
Enes Ünal,1,1,2,1,0,2.1,2.1,0.2,2.3,0.42,0.42,0.84,0.42,0.84,0.89,0.09,0.98,0.89,0.98,14,5,35.7,5.89,2.1,0.07,0.2,5,2.11,1,0.42,59,19,11,1,39,60,65.0,3,3,3,0,1,0,0,1,0,4,0
Enzo Fernández,3,4,7,3,0,1.7,1.7,2.4,4.1,0.25,0.34,0.59,0.25,0.59,0.14,0.21,0.35,0.14,0.35,15,6,40.0,1.27,0.51,0.2,0.5,48,4.07,11,0.93,275,31,12,5,568,693,82.0,23,64,11,1,35,16,6,41,2,10,3
Eric da Silva Moreira,0,0,0,0,0,0.0,0.0,0.0,0.0,0.0,0.0,0.0,0.0,0.0,0.0,0.0,0.0,0.0,0.0,0,0,0.0,0.0,0.0,0.0,0.0,0,0.0,0,0.0,2,0,1,0,7,8,87.5,0,0,0,0,2,2,1,3,0,0,0
Erling Haaland,13,1,14,12,1,13.0,12.2,1.1,13.3,0.81,0.06,0.88,0.75,0.81,0.82,0.07,0.88,0.77,0.83,69,36,52.2,4.32,2.25,0.17,0.33,32,2.0,5,0.31,207,108,18,6,114,170,67.1,12,5,3,0,5,3,3,8,0,14,0
Ethan Nwaneri,1,0,1,1,0,0.2,0.2,0.2,0.3,0.8,0.0,0.8,0.8,0.8,0.13,0.14,0.26,0.13,0.26,4,2,50.0,3.21,1.61,0.25,0.5,4,3.19,1,0.8,33,4,5,4,51,56,91.1,2,4,1,0,1,0,0,1,1,1,0
Ethan Pinnock,2,0,2,2,0,0.9,0.9,1.2,2.0,0.12,0.0,0.12,0.12,0.12,0.05,0.07,0.13,0.05,0.13,9,6,66.7,0.56,0.37,0.22,0.33,19,1.19,0,0.0,99,21,9,3,712,845,84.3,8,38,4,1,29,16,18,47,16,105,3
Evan Ferguson,1,0,1,1,0,0.4,0.4,0.3,0.6,0.41,0.0,0.41,0.41,0.41,0.15,0.11,0.25,0.15,0.25,6,2,33.3,2.43,0.81,0.17,0.5,3,1.22,0,0.0,18,5,1,1,34,47,72.3,2,1,0,0,3,2,0,3,1,4,0
Evanilson,4,0,4,4,0,5.8,5.0,0.9,5.9,0.35,0.0,0.35,0.35,0.35,0.5,0.08,0.59,0.43,0.52,31,14,45.2,2.71,1.22,0.13,0.29,33,2.88,6,0.52,140,57,16,5,93,143,65.0,11,5,1,0,7,4,0,7,1,11,0
Ezri Konsa,1,0,1,1,0,0.6,0.6,0.1,0.7,0.08,0.0,0.08,0.08,0.08,0.04,0.01,0.06,0.04,0.06,5,2,40.0,0.38,0.15,0.2,0.5,10,0.76,2,0.15,66,11,10,6,614,669,91.8,2,52,1,0,19,11,10,29,3,42,0
Fabian Schär,2,0,2,2,0,1.1,1.1,0.2,1.3,0.15,0.0,0.15,0.15,0.15,0.09,0.02,0.1,0.09,0.1,14,2,14.3,1.05,0.15,0.14,1.0,10,0.75,1,0.08,63,12,7,4,694,842,82.4,1,73,5,0,12,7,20,32,10,49,0
Fabio Carvalho,1,1,2,1,0,2.1,2.1,0.5,2.7,0.21,0.21,0.43,0.21,0.43,0.46,0.11,0.57,0.46,0.57,10,4,40.0,2.15,0.86,0.1,0.25,9,1.93,1,0.21,105,20,14,2,113,159,71.1,3,11,5,1,13,9,3,16,1,2,0
Facundo Buonanotte,4,2,6,4,0,3.2,3.2,2.6,5.8,0.39,0.2,0.59,0.39,0.59,0.31,0.26,0.57,0.31,0.57,22,9,40.9,2.16,0.89,0.18,0.44,37,3.64,4,0.39,190,24,50,18,256,337,76.0,19,26,10,1,27,13,7,34,5,7,0
Federico Chiesa,0,0,0,0,0,0.2,0.2,0.0,0.2,0.0,0.0,0.0,0.0,0.0,0.76,0.0,0.76,0.76,0.76,2,1,50.0,9.47,4.74,0.0,0.0,2,9.47,0,0.0,5,3,1,0,7,8,87.5,0,1,0,0,0,0,0,0,0,0,0
Ferdi Kadioglu,1,0,1,1,0,0.4,0.4,0.2,0.6,0.23,0.0,0.23,0.23,0.23,0.1,0.04,0.14,0.1,0.14,4,1,25.0,0.94,0.23,0.25,1.0,13,3.03,2,0.47,72,9,7,3,144,175,82.3,5,10,9,4,10,6,8,18,2,17,0
Filip Jørgensen,0,0,0,0,0,0.0,0.0,0.0,0.0,0.0,0.0,0.0,0.0,0.0,0.0,0.0,0.0,0.0,0.0,0,0,0.0,0.0,0.0,0.0,0.0,0,0.0,0,0.0,0,0,0,0,17,21,81.0,0,0,0,0,0,0,0,0,0,0,0
Flynn Downes,1,0,1,1,0,0.6,0.6,0.9,1.5,0.07,0.0,0.07,0.07,0.07,0.04,0.06,0.11,0.04,0.11,7,3,42.9,0.52,0.22,0.14,0.33,23,1.7,1,0.07,149,15,9,1,636,693,91.8,12,40,9,0,28,14,18,46,3,25,3
Frank Onyeka,0,0,0,0,0,0.0,0.0,0.0,0.0,0.0,0.0,0.0,0.0,0.0,0.0,0.0,0.0,0.0,0.0,0,0,0.0,0.0,0.0,0.0,0.0,0,0.0,0,0.0,4,0,0,0,6,7,85.7,0,0,1,0,0,0,0,0,0,0,0
Fraser Forster,0,0,0,0,0,0.0,0.0,0.0,0.0,0.0,0.0,0.0,0.0,0.0,0.0,0.0,0.0,0.0,0.0,0,0,0.0,0.0,0.0,0.0,0.0,0,0.0,0,0.0,0,0,1,1,104,120,86.7,0,0,0,0,0,0,0,0,0,3,1
Gabriel Jesus,0,0,0,0,0,0.9,0.9,0.5,1.4,0.0,0.0,0.0,0.0,0.0,0.3,0.16,0.46,0.3,0.46,10,2,20.0,3.3,0.66,0.0,0.0,11,3.61,1,0.33,80,25,13,3,77,104,74.0,5,6,3,0,5,4,3,8,1,2,0
Gabriel Magalhães,3,0,3,3,0,1.7,1.7,0.4,2.1,0.23,0.0,0.23,0.23,0.23,0.13,0.03,0.16,0.13,0.16,14,5,35.7,1.07,0.38,0.21,0.6,15,1.15,1,0.08,113,22,4,4,724,810,89.4,5,62,3,0,11,7,7,18,19,43,1
Gabriel Martinelli,3,2,5,3,0,2.3,2.3,1.8,4.2,0.32,0.21,0.53,0.32,0.53,0.25,0.19,0.44,0.25,0.44,17,9,52.9,1.79,0.95,0.18,0.33,23,2.42,2,0.21,240,67,49,15,192,270,71.1,14,3,12,6,10,8,1,11,0,10,0
George Edmundson,0,0,0,0,0,0.0,0.0,0.0,0.0,0.0,0.0,0.0,0.0,0.0,0.0,0.0,0.0,0.0,0.0,0,0,0.0,0.0,0.0,0.0,0.0,0,0.0,0,0.0,0,0,0,0,1,2,50.0,0,0,0,0,0,0,0,0,0,0,0
George Hirst,1,1,2,1,0,0.8,0.8,0.3,1.0,0.5,0.5,1.0,0.5,1.0,0.38,0.13,0.51,0.38,0.51,3,2,66.7,1.5,1.0,0.33,0.5,6,3.0,2,1.0,36,10,1,0,22,42,52.4,3,0,3,0,1,1,0,1,0,4,0
Georginio Rutter,2,2,4,2,0,2.6,2.6,1.3,4.0,0.19,0.19,0.39,0.19,0.39,0.26,0.13,0.38,0.26,0.38,32,6,18.8,3.12,0.58,0.06,0.33,37,3.6,4,0.39,191,41,37,12,146,217,67.3,9,18,11,1,19,7,7,26,2,9,1
Gonçalo Guedes,1,3,4,1,0,0.5,0.5,0.7,1.2,0.33,1.0,1.34,0.33,1.34,0.18,0.23,0.41,0.18,0.41,7,4,57.1,2.34,1.34,0.14,0.25,12,4.01,5,1.67,63,8,6,3,58,83,69.9,7,5,8,3,11,3,2,13,0,2,0
Guglielmo Vicario,0,0,0,0,0,0.0,0.0,0.0,0.0,0.0,0.0,0.0,0.0,0.0,0.0,0.0,0.0,0.0,0.0,0,0,0.0,0.0,0.0,0.0,0.0,3,0.25,0,0.0,0,0,1,1,421,460,91.5,0,1,0,0,0,0,1,1,0,7,2
Guido Rodríguez,0,0,0,0,0,0.1,0.1,0.1,0.2,0.0,0.0,0.0,0.0,0.0,0.02,0.01,0.02,0.02,0.02,7,1,14.3,0.77,0.11,0.0,0.0,9,0.98,0,0.0,51,2,2,1,350,419,83.5,2,32,1,0,26,13,10,36,7,22,1
Hamza Choudhury,0,0,0,0,0,0.0,0.0,0.1,0.1,0.0,0.0,0.0,0.0,0.0,0.0,0.07,0.07,0.0,0.07,0,0,0.0,0.0,0.0,0.0,0.0,2,2.47,0,0.0,5,0,1,1,28,36,77.8,1,4,0,0,0,0,1,1,1,2,0
Harrison Armstrong,0,0,0,0,0,0.0,0.0,0.0,0.0,0.0,0.0,0.0,0.0,0.0,0.0,0.0,0.0,0.0,0.0,0,0,0.0,0.0,0.0,0.0,0.0,0,0.0,0,0.0,2,1,0,0,2,5,40.0,0,0,0,0,0,0,0,0,0,0,0
Harrison Reed,0,0,0,0,0,0.0,0.0,0.1,0.1,0.0,0.0,0.0,0.0,0.0,0.02,0.11,0.13,0.02,0.13,1,0,0.0,1.48,0.0,0.0,0.0,1,1.48,0,0.0,31,4,1,0,28,39,71.8,1,0,1,0,5,2,1,6,0,2,0
Harry Clarke,0,0,0,0,0,0.1,0.1,0.0,0.1,0.0,0.0,0.0,0.0,0.0,0.03,0.01,0.04,0.03,0.04,1,1,100.0,0.31,0.31,0.0,0.0,1,0.31,0,0.0,40,2,2,1,155,189,82.0,1,19,1,0,5,3,3,8,4,12,3
Harry Maguire,0,0,0,0,0,0.0,0.0,0.1,0.1,0.0,0.0,0.0,0.0,0.0,0.01,0.01,0.02,0.01,0.02,1,0,0.0,0.2,0.0,0.0,0.0,4,0.8,0,0.0,14,6,3,2,288,327,88.1,2,18,1,0,7,4,14,21,3,15,1
Harry Toffolo,0,0,0,0,0,0.0,0.0,0.0,0.0,0.0,0.0,0.0,0.0,0.0,0.04,0.0,0.04,0.04,0.04,1,0,0.0,2.43,0.0,0.0,0.0,0,0.0,0,0.0,20,2,0,0,22,30,73.3,0,1,0,0,2,0,0,2,0,3,0
Harry Wilson,3,0,3,3,0,1.5,1.5,0.0,1.5,0.8,0.0,0.8,0.8,0.8,0.4,0.01,0.41,0.4,0.41,10,3,30.0,2.67,0.8,0.3,1.0,6,1.6,0,0.0,89,22,13,5,95,134,70.9,2,8,3,0,5,3,3,8,0,1,1
Harry Winks,0,2,2,0,0,0.2,0.2,1.0,1.2,0.0,0.21,0.21,0.0,0.21,0.02,0.11,0.12,0.02,0.12,7,2,28.6,0.73,0.21,0.0,0.0,26,2.71,3,0.31,98,1,4,1,483,559,86.4,13,60,3,2,12,7,4,16,4,14,0
Harvey Barnes,5,1,6,5,0,2.6,2.6,2.4,5.0,0.62,0.12,0.75,0.62,0.75,0.33,0.3,0.62,0.33,0.62,25,9,36.0,3.11,1.12,0.2,0.56,30,3.72,4,0.5,182,49,27,12,204,262,77.9,11,7,20,4,8,5,4,12,0,5,1
Harvey Elliott,0,0,0,0,0,0.0,0.0,0.1,0.2,0.0,0.0,0.0,0.0,0.0,0.16,0.52,0.67,0.16,0.67,1,0,0.0,4.29,0.0,0.0,0.0,2,8.57,0,0.0,26,2,1,0,31,41,75.6,2,2,1,0,3,2,0,3,0,0,0
Hwang Hee-chan,0,0,0,0,0,0.0,0.0,0.1,0.1,0.0,0.0,0.0,0.0,0.0,0.0,0.03,0.03,0.0,0.03,0,0,0.0,0.0,0.0,0.0,0.0,5,1.41,1,0.28,52,5,7,1,79,94,84.0,2,2,3,2,3,2,1,4,0,3,0
Ian Maatsen,0,0,0,0,0,0.1,0.1,1.1,1.2,0.0,0.0,0.0,0.0,0.0,0.02,0.34,0.37,0.02,0.37,4,1,25.0,1.24,0.31,0.0,0.0,22,6.8,4,1.24,91,15,8,3,166,205,81.0,9,7,7,1,11,7,3,14,0,7,1
Ibrahim Sangaré,0,0,0,0,0,0.0,0.0,0.0,0.0,0.0,0.0,0.0,0.0,0.0,0.01,0.01,0.01,0.01,0.01,1,1,100.0,0.42,0.42,0.0,0.0,4,1.7,0,0.0,20,6,0,0,86,113,76.1,1,5,1,0,15,9,2,17,0,2,0
Ibrahima Konaté,1,1,2,1,0,0.8,0.8,0.2,1.0,0.09,0.09,0.18,0.09,0.18,0.08,0.02,0.1,0.08,0.1,8,2,25.0,0.74,0.18,0.13,0.5,8,0.74,2,0.18,33,9,1,1,678,742,91.4,3,47,4,0,14,10,4,18,5,44,1
Idrissa Gana Gueye,0,0,0,0,0,0.7,0.7,0.6,1.3,0.0,0.0,0.0,0.0,0.0,0.06,0.05,0.11,0.06,0.11,14,2,14.3,1.18,0.17,0.0,0.0,26,2.19,0,0.0,135,12,16,9,455,526,86.5,9,57,5,2,44,24,13,57,2,8,0
Igor,0,0,0,0,0,0.0,0.0,0.2,0.2,0.0,0.0,0.0,0.0,0.0,0.01,0.02,0.03,0.01,0.03,1,0,0.0,0.12,0.0,0.0,0.0,9,1.08,0,0.0,28,1,4,3,515,560,92.0,1,27,2,1,3,3,2,5,11,38,1
Iliman Ndiaye,2,0,2,2,0,1.1,1.1,0.6,1.7,0.15,0.0,0.15,0.15,0.15,0.08,0.05,0.13,0.08,0.13,16,7,43.8,1.23,0.54,0.13,0.29,33,2.55,3,0.23,236,42,82,38,280,342,81.9,9,18,10,4,28,15,15,43,3,10,0
Illia Zabarnyi,0,0,0,0,0,0.3,0.3,0.2,0.5,0.0,0.0,0.0,0.0,0.0,0.02,0.01,0.03,0.02,0.03,2,0,0.0,0.13,0.0,0.0,0.0,15,1.0,0,0.0,27,3,6,4,590,708,83.3,4,58,2,0,22,15,17,39,9,68,1
Ismaila Sarr,3,2,5,3,0,3.1,3.1,2.7,5.8,0.3,0.2,0.49,0.3,0.49,0.3,0.27,0.57,0.3,0.57,23,14,60.9,2.26,1.38,0.13,0.21,42,4.13,4,0.39,184,53,16,6,167,248,67.3,15,5,14,3,6,4,5,11,3,8,0
Issa Diop,0,0,0,0,0,0.5,0.5,0.1,0.6,0.0,0.0,0.0,0.0,0.0,0.06,0.01,0.07,0.06,0.07,5,2,40.0,0.6,0.24,0.0,0.0,5,0.6,0,0.0,14,10,1,1,348,405,85.9,2,22,1,0,14,8,2,16,6,42,0
Jack Clarke,0,2,2,0,0,0.8,0.8,1.1,1.9,0.0,0.36,0.36,0.0,0.36,0.14,0.2,0.34,0.14,0.34,10,1,10.0,1.79,0.18,0.0,0.0,17,3.04,2,0.36,90,18,22,14,121,163,74.2,9,9,3,0,18,10,3,21,0,6,0
Jack Grealish,0,1,1,0,0,0.6,0.6,1.3,1.9,0.0,0.19,0.19,0.0,0.19,0.12,0.24,0.36,0.12,0.36,9,3,33.3,1.68,0.56,0.0,0.0,35,6.51,2,0.37,220,56,18,10,256,294,87.1,20,11,10,0,8,4,2,10,2,3,1
Jack Harrison,0,0,0,0,0,1.6,1.6,1.5,3.1,0.0,0.0,0.0,0.0,0.0,0.19,0.18,0.38,0.19,0.38,13,2,15.4,1.6,0.25,0.0,0.0,16,1.96,2,0.25,147,31,27,9,135,206,65.5,9,12,7,1,13,8,5,18,0,13,2
Jack Hinshelwood,1,0,1,1,0,0.7,0.7,0.3,1.0,0.11,0.0,0.11,0.11,0.11,0.08,0.03,0.11,0.08,0.11,7,3,42.9,0.75,0.32,0.14,0.33,20,2.15,2,0.21,133,11,6,1,410,495,82.8,7,17,4,0,12,9,4,16,2,14,1
Jack Stephens,0,0,0,0,0,0.3,0.3,0.1,0.4,0.0,0.0,0.0,0.0,0.0,0.03,0.02,0.05,0.03,0.05,2,0,0.0,0.23,0.0,0.0,0.0,10,1.13,0,0.0,75,5,3,0,576,619,93.1,2,40,5,0,15,10,5,20,6,32,2
Jack Taylor,1,0,1,1,0,0.5,0.5,0.5,1.1,0.29,0.0,0.29,0.29,0.29,0.15,0.16,0.31,0.15,0.31,11,4,36.4,3.22,1.17,0.09,0.25,17,4.98,1,0.29,44,4,3,2,157,189,83.1,5,17,6,0,5,1,3,8,1,12,0
Jacob Greaves,0,0,0,0,0,0.4,0.4,0.0,0.4,0.0,0.0,0.0,0.0,0.0,0.05,0.0,0.05,0.05,0.05,6,2,33.3,0.75,0.25,0.0,0.0,0,0.0,0,0.0,22,10,1,1,342,392,87.2,0,20,0,0,17,7,9,26,7,48,1
Jacob Murphy,2,4,6,2,0,1.7,1.7,2.2,3.9,0.25,0.5,0.76,0.25,0.76,0.21,0.28,0.49,0.21,0.49,16,5,31.3,2.02,0.63,0.13,0.4,28,3.53,5,0.63,190,24,18,6,215,305,70.5,13,20,16,4,9,6,3,12,0,6,0
Jacob Ramsey,0,2,2,0,0,0.7,0.7,1.3,2.0,0.0,0.28,0.28,0.0,0.28,0.1,0.18,0.28,0.1,0.28,10,3,30.0,1.42,0.43,0.0,0.0,27,3.84,3,0.43,163,28,22,16,223,262,85.1,8,12,7,0,7,3,5,12,2,2,0
Jaden Philogene Bidace,0,0,0,0,0,0.5,0.5,0.3,0.8,0.0,0.0,0.0,0.0,0.0,0.13,0.08,0.2,0.13,0.2,7,0,0.0,1.9,0.0,0.0,0.0,5,1.36,0,0.0,66,14,15,4,63,86,73.3,1,1,3,0,11,5,3,14,0,2,1
Jadon Sancho,2,3,5,2,0,0.7,0.7,2.0,2.7,0.31,0.47,0.78,0.31,0.78,0.11,0.31,0.42,0.11,0.42,8,3,37.5,1.24,0.47,0.25,0.67,32,4.97,9,1.4,206,43,34,19,253,297,85.2,14,7,21,0,1,1,0,1,0,0,0
Jahmai Simpson-Pusey,0,0,0,0,0,0.0,0.0,0.0,0.0,0.0,0.0,0.0,0.0,0.0,0.0,0.0,0.0,0.0,0.0,0,0,0.0,0.0,0.0,0.0,0.0,0,0.0,0,0.0,2,0,1,0,99,107,92.5,0,3,0,0,1,0,0,1,1,2,0
Jake O'Brien,0,0,0,0,0,0.0,0.0,0.0,0.0,0.0,0.0,0.0,0.0,0.0,0.0,0.0,0.0,0.0,0.0,0,0,0.0,0.0,0.0,0.0,0.0,1,2.5,0,0.0,3,0,3,1,18,21,85.7,0,2,0,0,2,2,0,2,0,0,0
Jakub Kiwior,0,0,0,0,0,0.0,0.0,0.1,0.1,0.0,0.0,0.0,0.0,0.0,0.0,0.02,0.02,0.0,0.02,0,0,0.0,0.0,0.0,0.0,0.0,1,0.28,0,0.0,8,0,2,1,147,175,84.0,1,8,0,0,4,2,1,5,2,16,1
Jakub Moder,0,0,0,0,0,0.0,0.0,0.0,0.0,0.0,0.0,0.0,0.0,0.0,0.0,0.12,0.12,0.0,0.12,0,0,0.0,0.0,0.0,0.0,0.0,1,18.0,0,0.0,4,0,0,0,11,13,84.6,1,0,0,0,0,0,0,0,0,2,0
James Bree,0,0,0,0,0,0.0,0.0,0.2,0.2,0.0,0.0,0.0,0.0,0.0,0.0,0.13,0.13,0.0,0.13,0,0,0.0,0.0,0.0,0.0,0.0,3,1.99,0,0.0,25,0,2,1,77,86,89.5,2,2,1,0,3,1,1,4,1,5,0
James Garner,0,0,0,0,0,0.0,0.0,0.0,0.1,0.0,0.0,0.0,0.0,0.0,0.02,0.01,0.02,0.02,0.02,2,0,0.0,0.71,0.0,0.0,0.0,5,1.78,0,0.0,26,1,5,2,68,102,66.7,1,6,1,1,10,8,4,14,2,9,0
James Hill,0,0,0,0,0,0.0,0.0,0.0,0.0,0.0,0.0,0.0,0.0,0.0,0.0,0.0,0.0,0.0,0.0,0,0,0.0,0.0,0.0,0.0,0.0,0,0.0,0,0.0,0,0,0,0,1,4,25.0,0,0,0,0,0,0,0,0,0,1,0
James Justin,2,1,3,2,0,0.6,0.6,0.3,1.0,0.13,0.07,0.2,0.13,0.2,0.04,0.02,0.07,0.04,0.07,11,3,27.3,0.74,0.2,0.18,0.67,17,1.14,1,0.07,171,18,14,4,571,715,79.9,5,42,7,3,35,21,24,59,6,62,0
James Maddison,7,4,11,7,0,4.3,4.3,2.7,7.0,0.61,0.35,0.97,0.61,0.97,0.38,0.23,0.61,0.38,0.61,27,15,55.6,2.37,1.32,0.26,0.47,60,5.28,13,1.14,372,51,41,20,573,714,80.3,25,58,22,5,17,10,8,25,3,15,0
James Mcatee,0,0,0,0,0,0.0,0.0,0.0,0.0,0.0,0.0,0.0,0.0,0.0,0.0,0.0,0.0,0.0,0.0,0,0,0.0,0.0,0.0,0.0,0.0,0,0.0,0,0.0,5,1,0,0,4,4,100.0,0,0,0,0,0,0,0,0,0,0,0
James Milner,0,0,0,0,0,0.2,0.2,0.2,0.4,0.0,0.0,0.0,0.0,0.0,0.09,0.12,0.21,0.09,0.21,2,0,0.0,1.07,0.0,0.0,0.0,8,4.26,0,0.0,31,4,1,1,55,73,75.3,4,3,1,1,5,2,2,7,2,2,1
James Tarkowski,0,0,0,0,0,0.7,0.7,1.3,2.0,0.0,0.0,0.0,0.0,0.0,0.05,0.09,0.14,0.05,0.14,9,2,22.2,0.6,0.13,0.0,0.0,22,1.48,1,0.07,53,32,6,4,469,571,82.1,9,39,4,0,34,21,13,47,21,91,2
James Ward-Prowse,0,0,0,0,0,0.1,0.1,0.1,0.2,0.0,0.0,0.0,0.0,0.0,0.01,0.03,0.05,0.01,0.05,2,1,50.0,0.47,0.24,0.0,0.0,9,2.14,1,0.24,46,0,0,0,153,193,153.1,3,18,2,0,5,1,5,10,2,6,0
Jamie Vardy,6,3,9,5,1,4.7,3.9,2.0,5.9,0.45,0.23,0.68,0.38,0.6,0.36,0.15,0.5,0.3,0.44,18,7,38.9,1.36,0.53,0.28,0.71,22,1.66,8,0.6,111,46,10,5,107,167,64.1,9,5,5,1,5,5,1,6,2,13,0
Jan Bednarek,0,0,0,0,0,0.0,0.0,0.4,0.5,0.0,0.0,0.0,0.0,0.0,0.0,0.04,0.04,0.0,0.04,1,0,0.0,0.08,0.0,0.0,0.0,10,0.84,0,0.0,21,5,2,2,941,1005,93.6,3,51,0,0,8,4,18,26,17,63,1
Jan Paul van Hecke,0,1,1,0,0,0.6,0.6,0.8,1.4,0.0,0.08,0.08,0.0,0.08,0.05,0.06,0.11,0.05,0.11,8,2,25.0,0.62,0.16,0.0,0.0,24,1.86,2,0.16,77,17,6,3,878,970,90.5,6,96,3,2,20,13,9,29,10,43,1
Jannik Vestergaard,0,0,0,0,0,0.0,0.0,0.0,0.0,0.0,0.0,0.0,0.0,0.0,0.0,0.0,0.0,0.0,0.0,1,0,0.0,0.14,0.0,0.0,0.0,1,0.14,0,0.0,17,4,3,3,387,431,89.8,1,21,0,0,14,6,9,23,6,38,1
Jarell Quansah,0,0,0,0,0,0.0,0.0,0.0,0.0,0.0,0.0,0.0,0.0,0.0,0.0,0.0,0.0,0.0,0.0,0,0,0.0,0.0,0.0,0.0,0.0,0,0.0,0,0.0,16,1,2,1,106,125,84.8,0,3,0,0,8,6,3,11,2,10,0
Jarrad Branthwaite,0,0,0,0,0,0.0,0.0,0.0,0.0,0.0,0.0,0.0,0.0,0.0,0.01,0.0,0.01,0.01,0.01,1,0,0.0,0.16,0.0,0.0,0.0,5,0.82,0,0.0,14,2,4,2,217,251,86.5,0,18,0,0,11,6,10,21,2,26,1
Jarrod Bowen,4,4,8,3,1,2.9,2.2,3.8,6.0,0.27,0.27,0.54,0.2,0.48,0.2,0.26,0.46,0.15,0.41,36,16,44.4,2.44,1.09,0.08,0.19,68,4.62,8,0.54,328,70,69,30,277,394,70.3,35,28,27,3,22,12,9,31,2,16,0
Jason Steele,0,0,0,0,0,0.0,0.0,0.0,0.0,0.0,0.0,0.0,0.0,0.0,0.0,0.0,0.0,0.0,0.0,0,0,0.0,0.0,0.0,0.0,0.0,0,0.0,0,0.0,0,0,0,0,101,112,90.2,0,0,0,0,0,0,0,0,0,1,0
Jay Stansfield,0,0,0,0,0,0.0,0.0,0.0,0.0,0.0,0.0,0.0,0.0,0.0,0.0,0.0,0.0,0.0,0.0,0,0,0.0,0.0,0.0,0.0,0.0,0,0.0,0,0.0,0,0,0,0,0,0,0.0,0,0,0,0,0,0,0,0,0,0,0
Jayden Meghoma,0,0,0,0,0,0.0,0.0,0.0,0.0,0.0,0.0,0.0,0.0,0.0,0.0,0.0,0.0,0.0,0.0,0,0,0.0,0.0,0.0,0.0,0.0,0,0.0,0,0.0,1,0,0,0,3,3,100.0,0,0,0,0,0,0,0,0,0,0,0
Jean-Clair Todibo,0,0,0,0,0,0.1,0.1,0.0,0.1,0.0,0.0,0.0,0.0,0.0,0.01,0.0,0.02,0.01,0.02,2,0,0.0,0.28,0.0,0.0,0.0,4,0.55,0,0.0,11,5,7,4,304,346,87.9,2,10,0,0,15,10,8,23,6,37,3
Jean-Philippe Mateta,4,1,5,3,1,4.3,3.5,1.7,5.3,0.31,0.08,0.38,0.23,0.31,0.33,0.13,0.46,0.27,0.4,28,7,25.0,2.15,0.54,0.11,0.43,23,1.76,3,0.23,149,38,12,4,128,198,64.6,14,10,4,0,7,6,1,8,1,13,0
Jean-Ricner Bellegarde,1,2,3,1,0,0.6,0.6,0.6,1.1,0.12,0.25,0.37,0.12,0.37,0.07,0.07,0.14,0.07,0.14,9,2,22.2,1.12,0.25,0.11,0.5,23,2.86,4,0.5,132,22,34,5,158,202,78.2,10,10,6,3,10,6,6,16,2,7,0
Jefferson Lerma,0,0,0,0,0,0.4,0.4,0.9,1.3,0.0,0.0,0.0,0.0,0.0,0.05,0.11,0.15,0.05,0.15,10,1,10.0,1.19,0.12,0.0,0.0,11,1.31,0,0.0,66,8,4,1,314,397,79.1,5,40,8,0,10,3,15,25,9,16,0
Jeffrey Schlupp,0,0,0,0,0,0.1,0.1,0.1,0.2,0.0,0.0,0.0,0.0,0.0,0.12,0.1,0.22,0.12,0.22,3,2,66.7,2.93,1.96,0.0,0.0,6,5.81,0,0.0,37,6,1,1,35,46,76.1,2,3,1,0,2,0,0,2,0,2,0
Jens Cajuste,0,0,0,0,0,0.1,0.1,0.2,0.2,0.0,0.0,0.0,0.0,0.0,0.01,0.03,0.04,0.01,0.04,2,0,0.0,0.33,0.0,0.0,0.0,10,1.65,0,0.0,68,3,9,7,187,231,81.0,4,14,2,0,12,4,5,17,1,5,0
Jeremy Doku,2,2,4,2,0,0.7,0.7,1.4,2.1,0.29,0.29,0.58,0.29,0.58,0.1,0.2,0.31,0.1,0.31,15,4,26.7,2.18,0.58,0.13,0.5,28,4.08,3,0.44,331,63,77,39,250,319,78.4,11,3,20,2,14,9,1,15,1,2,0
Jeremy Sarmiento,0,0,0,0,0,0.0,0.0,0.0,0.0,0.0,0.0,0.0,0.0,0.0,0.0,0.0,0.0,0.0,0.0,0,0,0.0,0.0,0.0,0.0,0.0,0,0.0,0,0.0,2,0,0,0,6,6,100.0,0,0,0,0,0,0,0,0,0,0,0
Jesper Lindstrøm,0,0,0,0,0,1.4,1.4,0.9,2.3,0.0,0.0,0.0,0.0,0.0,0.24,0.16,0.4,0.24,0.4,19,7,36.8,3.29,1.21,0.0,0.0,24,4.17,0,0.0,140,16,15,3,122,186,65.6,10,6,3,2,18,9,3,21,3,4,0
Jhon Durán,6,0,6,6,0,3.8,3.8,0.2,4.0,1.1,0.0,1.1,1.1,1.1,0.7,0.04,0.74,0.7,0.74,26,12,46.2,4.76,2.2,0.23,0.5,14,2.56,1,0.18,101,39,12,3,87,123,70.7,4,10,1,0,7,6,0,7,0,10,0
Joachim Andersen,0,0,0,0,0,0.2,0.2,0.2,0.5,0.0,0.0,0.0,0.0,0.0,0.07,0.03,0.1,0.07,0.1,9,3,125.0,2.04,1.26,0.0,0.0,7,1.79,0,0.0,39,8,1,1,519,632,156.9,1,65,2,0,9,6,11,20,6,49,0
Joe Aribo,2,0,2,2,0,2.2,2.2,1.2,3.4,0.2,0.0,0.2,0.2,0.2,0.22,0.12,0.34,0.22,0.34,11,6,54.5,1.1,0.6,0.18,0.33,18,1.79,0,0.0,160,29,31,10,369,421,87.6,7,14,3,1,18,12,9,27,5,14,1
Joe Gomez,0,0,0,0,0,0.3,0.3,0.0,0.3,0.0,0.0,0.0,0.0,0.0,0.1,0.0,0.1,0.1,0.1,3,2,66.7,0.89,0.59,0.0,0.0,1,0.3,0,0.0,18,3,0,0,203,232,87.5,0,8,0,0,9,6,5,14,6,9,2
Joe Lumley,0,0,0,0,0,0.0,0.0,0.0,0.0,0.0,0.0,0.0,0.0,0.0,0.0,0.0,0.0,0.0,0.0,0,0,0.0,0.0,0.0,0.0,0.0,0,0.0,0,0.0,0,0,0,0,106,151,70.2,0,2,0,0,0,0,0,0,0,3,3
Joe Willock,0,1,1,0,0,0.5,0.5,1.1,1.6,0.0,0.19,0.19,0.0,0.19,0.09,0.22,0.32,0.09,0.32,8,1,12.5,1.56,0.19,0.0,0.0,21,4.11,2,0.39,115,23,16,5,130,161,80.7,11,14,2,0,13,9,3,16,1,4,0
Joelinton,2,0,2,2,0,2.2,2.2,1.3,3.5,0.14,0.0,0.14,0.14,0.14,0.15,0.09,0.24,0.15,0.24,25,8,32.0,1.71,0.55,0.08,0.25,36,2.45,3,0.2,249,46,30,9,488,589,82.9,15,51,7,1,33,19,12,45,3,26,1
John McGinn,0,2,2,0,0,1.8,1.8,2.1,4.0,0.0,0.18,0.18,0.0,0.18,0.17,0.2,0.37,0.17,0.37,19,2,10.5,1.75,0.18,0.0,0.0,35,3.22,3,0.28,167,33,19,7,246,307,80.1,16,23,17,5,13,9,4,17,0,3,0
John Stones,2,0,2,2,0,0.4,0.4,0.0,0.4,0.63,0.0,0.63,0.63,0.63,0.14,0.0,0.14,0.14,0.14,2,2,100.0,0.63,0.63,1.0,1.0,5,1.57,1,0.31,58,4,0,0,172,197,87.3,0,18,0,0,5,2,3,8,0,9,1
Jonny Evans,0,0,0,0,0,0.1,0.1,0.0,0.1,0.0,0.0,0.0,0.0,0.0,0.03,0.0,0.03,0.03,0.03,1,0,0.0,0.31,0.0,0.0,0.0,2,0.62,0,0.0,11,2,1,1,174,196,88.8,0,9,1,0,7,5,4,11,1,13,0
Jordan Ayew,3,0,3,2,1,2.6,1.8,0.1,1.9,0.41,0.0,0.41,0.27,0.27,2.24,0.23,2.47,2.14,2.37,16,4,26.7,6.34,0.55,0.13,0.5,10,5.52,1,0.14,120,28,25,8,157,198,159.3,5,8,4,2,12,5,7,19,0,3,0
Jordan Pickford,0,0,0,0,0,0.0,0.0,0.0,0.0,0.0,0.0,0.0,0.0,0.0,0.0,0.0,0.0,0.0,0.0,0,0,0.0,0.0,0.0,0.0,0.0,4,0.27,0,0.0,0,0,0,0,374,593,63.1,1,30,4,0,1,0,1,2,0,18,1
Jorge Cuenca,0,0,0,0,0,0.0,0.0,0.0,0.0,0.0,0.0,0.0,0.0,0.0,0.0,0.0,0.0,0.0,0.0,0,0,0.0,0.0,0.0,0.0,0.0,0,0.0,0,0.0,1,0,0,0,30,37,81.1,0,0,0,0,1,1,1,2,0,13,0
Jorginho,0,0,0,0,0,0.0,0.0,0.2,0.2,0.0,0.0,0.0,0.0,0.0,0.01,0.04,0.05,0.01,0.05,1,0,0.0,0.23,0.0,0.0,0.0,6,1.37,0,0.0,68,1,2,1,230,264,87.1,2,22,8,0,8,3,5,13,0,1,1
Joshua King,0,0,0,0,0,0.0,0.0,0.0,0.0,0.0,0.0,0.0,0.0,0.0,0.0,0.0,0.0,0.0,0.0,0,0,0.0,0.0,0.0,0.0,0.0,0,0.0,0,0.0,2,0,0,0,3,3,100.0,0,0,0,0,2,1,1,3,0,0,0
Joshua Zirkzee,3,1,4,3,0,3.0,3.0,0.8,3.8,0.44,0.15,0.59,0.44,0.59,0.44,0.12,0.56,0.44,0.56,15,8,53.3,2.22,1.19,0.2,0.38,19,2.82,2,0.3,98,26,13,5,141,186,75.8,8,14,3,0,4,1,2,6,2,2,0
José Sá,0,0,0,0,0,0.0,0.0,0.1,0.1,0.0,0.0,0.0,0.0,0.0,0.0,0.01,0.01,0.0,0.01,0,0,0.0,0.0,0.0,0.0,0.0,2,0.22,0,0.0,0,0,3,3,170,285,59.6,1,8,1,0,0,0,0,0,0,4,1
Jota Silva,0,1,1,0,0,0.5,0.5,1.3,1.8,0.0,0.18,0.18,0.0,0.18,0.09,0.23,0.33,0.09,0.33,9,2,22.2,1.61,0.36,0.0,0.0,23,4.12,3,0.54,112,27,22,5,69,114,60.5,9,1,6,2,11,5,10,21,0,8,0
João Félix,1,1,2,1,0,1.8,1.8,0.9,2.7,0.3,0.3,0.6,0.3,0.6,0.54,0.27,0.8,0.54,0.8,15,3,20.0,4.53,0.91,0.07,0.33,12,3.61,1,0.3,92,24,24,8,137,160,85.6,5,21,5,0,7,3,3,10,0,2,0
João Gomes,2,1,3,2,0,1.0,1.0,0.3,1.3,0.14,0.07,0.21,0.14,0.21,0.07,0.02,0.09,0.07,0.09,15,5,33.3,1.07,0.36,0.13,0.4,24,1.71,2,0.14,164,15,21,13,506,609,83.1,9,48,7,0,49,25,11,60,1,11,0
João Pedro,4,3,7,4,0,2.5,2.5,1.7,4.3,0.53,0.4,0.93,0.53,0.93,0.33,0.23,0.56,0.33,0.56,18,7,38.9,2.39,0.93,0.22,0.57,21,2.78,4,0.53,180,42,25,13,187,255,73.3,11,18,13,2,7,4,4,11,0,5,0
Joël Veltman,0,0,0,0,0,0.1,0.1,0.3,0.3,0.0,0.0,0.0,0.0,0.0,0.01,0.02,0.03,0.01,0.03,2,0,0.0,0.19,0.0,0.0,0.0,10,0.94,1,0.09,111,7,12,2,394,499,79.0,3,29,3,2,22,15,11,33,5,35,0
Joško Gvardiol,4,0,4,4,0,1.7,1.7,1.5,3.2,0.28,0.0,0.28,0.28,0.28,0.12,0.11,0.22,0.12,0.22,22,8,36.4,1.52,0.55,0.18,0.5,35,2.42,3,0.21,421,47,16,7,1012,1105,91.6,18,106,13,1,27,19,19,46,8,42,2
Julian Araujo,0,0,0,0,0,0.0,0.0,0.0,0.0,0.0,0.0,0.0,0.0,0.0,0.0,0.0,0.0,0.0,0.0,0,0,0.0,0.0,0.0,0.0,0.0,2,0.51,0,0.0,32,1,0,0,131,166,78.9,0,15,1,0,7,3,4,11,0,13,0
Julio Enciso,0,0,0,0,0,0.3,0.3,0.2,0.6,0.0,0.0,0.0,0.0,0.0,0.23,0.15,0.38,0.23,0.38,8,6,75.0,5.29,3.97,0.0,0.0,11,7.33,0,0.0,65,6,16,9,65,91,71.4,5,9,2,1,0,0,0,0,0,0,0
Jurriën Timber,1,1,2,1,0,0.7,0.7,0.6,1.3,0.08,0.08,0.16,0.08,0.16,0.05,0.05,0.1,0.05,0.1,10,2,20.0,0.8,0.16,0.1,0.5,26,2.07,2,0.16,214,34,24,12,470,565,83.2,13,41,8,1,21,11,4,25,4,22,1
Justin Devenny,1,0,1,1,0,0.5,0.5,0.3,0.8,0.43,0.0,0.43,0.43,0.43,0.2,0.13,0.33,0.2,0.33,4,1,25.0,1.74,0.43,0.25,1.0,7,3.04,0,0.0,38,4,2,1,59,83,71.1,4,7,2,1,9,6,0,9,0,4,0
Justin Kluivert,5,2,7,1,4,5.1,2.0,2.0,4.0,0.5,0.2,0.7,0.1,0.3,0.51,0.2,0.72,0.2,0.4,25,12,48.0,2.5,1.2,0.04,0.08,35,3.5,5,0.5,215,59,24,8,177,253,70.0,18,14,9,3,13,8,6,19,0,12,1
Jørgen Strand Larsen,6,2,8,6,0,4.1,4.1,1.3,5.4,0.41,0.14,0.55,0.41,0.55,0.28,0.09,0.37,0.28,0.37,26,16,61.5,1.78,1.1,0.23,0.38,20,1.37,3,0.21,139,56,9,4,126,211,59.7,10,5,3,1,4,4,3,7,3,15,0
Kai Havertz,5,2,7,5,0,5.9,5.9,2.2,8.0,0.34,0.14,0.47,0.34,0.47,0.4,0.15,0.54,0.4,0.54,35,13,37.1,2.36,0.88,0.14,0.38,35,2.36,2,0.14,270,70,29,6,268,343,78.1,12,18,7,1,11,7,5,16,3,25,1
Kalvin Phillips,0,0,0,0,0,0.3,0.3,0.1,0.4,0.0,0.0,0.0,0.0,0.0,0.05,0.02,0.07,0.05,0.07,6,1,16.7,1.01,0.17,0.0,0.0,10,1.68,2,0.34,65,4,6,4,211,269,78.4,2,29,4,1,14,6,7,21,3,11,1
Kamaldeen Sulemana,0,0,0,0,0,0.0,0.0,0.0,0.0,0.0,0.0,0.0,0.0,0.0,0.03,0.0,0.03,0.03,0.03,1,0,0.0,1.41,0.0,0.0,0.0,0,0.0,0,0.0,15,4,6,1,15,18,83.3,0,0,0,0,4,4,2,6,0,1,0
Kaoru Mitoma,3,2,5,3,0,4.0,4.0,3.4,7.4,0.2,0.13,0.33,0.2,0.33,0.27,0.22,0.49,0.27,0.49,30,12,40.0,1.98,0.79,0.1,0.25,59,3.9,6,0.4,391,87,71,28,401,518,77.4,25,19,21,6,22,14,7,29,2,3,0
Kasey McAteer,0,1,1,0,0,0.6,0.6,0.1,0.7,0.0,0.27,0.27,0.0,0.27,0.15,0.04,0.19,0.15,0.19,6,2,33.3,1.62,0.54,0.0,0.0,8,2.16,1,0.27,67,13,8,1,75,109,68.8,2,5,0,0,10,7,1,11,1,8,0
Keane Lewis-Potter,0,1,1,0,0,0.9,0.9,1.1,2.0,0.0,0.08,0.08,0.0,0.08,0.07,0.08,0.15,0.07,0.15,14,7,50.0,1.05,0.53,0.0,0.0,27,2.03,5,0.38,226,38,42,15,318,405,78.5,10,15,15,4,20,9,7,27,4,26,0
Kenny Tete,0,2,2,0,0,1.0,1.0,0.7,1.8,0.0,0.14,0.14,0.0,0.14,0.07,0.05,0.13,0.07,0.13,18,2,11.1,1.28,0.14,0.0,0.0,23,1.64,3,0.21,232,26,16,7,576,706,81.6,5,53,6,4,41,27,28,69,6,36,0
Kepa Arrizabalaga,0,0,0,0,0,0.0,0.0,0.0,0.0,0.0,0.0,0.0,0.0,0.0,0.0,0.0,0.0,0.0,0.0,0,0,0.0,0.0,0.0,0.0,0.0,2,0.2,0,0.0,0,0,0,0,233,309,75.4,1,2,0,0,0,0,0,0,0,4,2
Kevin De Bruyne,2,2,4,2,0,2.1,2.1,3.7,5.8,0.29,0.29,0.57,0.29,0.57,0.3,0.53,0.83,0.3,0.83,25,7,28.0,3.59,1.0,0.08,0.29,51,7.31,4,0.57,376,30,13,7,404,526,76.8,25,36,26,5,5,3,3,8,0,2,1
Kevin Schade,4,2,6,4,0,3.5,3.5,1.1,4.5,0.53,0.27,0.8,0.53,0.8,0.46,0.14,0.6,0.46,0.6,19,9,47.4,2.52,1.19,0.21,0.44,14,1.86,4,0.53,139,38,26,8,91,150,60.7,4,9,4,0,18,14,1,19,1,8,0
Kieran Trippier,0,0,0,0,0,0.0,0.0,0.2,0.2,0.0,0.0,0.0,0.0,0.0,0.01,0.05,0.06,0.01,0.06,1,0,0.0,0.28,0.0,0.0,0.0,16,4.47,0,0.0,108,4,2,1,285,346,82.4,3,19,2,0,10,5,2,12,1,6,0
Kiernan Dewsbury-Hall,0,0,0,0,0,0.0,0.0,0.1,0.1,0.0,0.0,0.0,0.0,0.0,0.0,0.14,0.14,0.0,0.14,0,0,0.0,0.0,0.0,0.0,0.0,1,1.5,0,0.0,17,0,1,1,39,47,83.0,1,4,0,0,0,0,1,1,0,2,1
Kobbie Mainoo,0,0,0,0,0,0.2,0.2,0.9,1.1,0.0,0.0,0.0,0.0,0.0,0.02,0.09,0.12,0.02,0.12,6,1,16.7,0.66,0.11,0.0,0.0,13,1.43,1,0.11,120,13,22,15,379,428,88.6,6,34,4,0,22,16,15,37,2,5,1
Konstantinos Mavropanos,0,0,0,0,0,0.8,0.8,0.2,1.0,0.0,0.0,0.0,0.0,0.0,0.08,0.02,0.11,0.08,0.11,11,2,18.2,1.15,0.21,0.0,0.0,9,0.94,0,0.0,35,12,10,6,438,514,85.2,1,35,2,1,17,12,19,36,10,45,0
Kosta Nedeljković,0,0,0,0,0,0.0,0.0,0.0,0.0,0.0,0.0,0.0,0.0,0.0,0.0,0.0,0.0,0.0,0.0,0,0,0.0,0.0,0.0,0.0,0.0,0,0.0,0,0.0,15,0,2,1,31,36,86.1,0,4,0,0,7,5,0,7,0,3,0
Kostas Tsimikas,0,0,0,0,0,0.1,0.1,0.5,0.6,0.0,0.0,0.0,0.0,0.0,0.03,0.2,0.23,0.03,0.23,2,1,50.0,0.78,0.39,0.0,0.0,8,3.1,1,0.39,55,1,2,2,180,209,86.1,3,19,2,0,12,7,3,15,1,6,0
Kristoffer Ajer,0,0,0,0,0,0.3,0.3,0.7,1.0,0.0,0.0,0.0,0.0,0.0,0.04,0.1,0.14,0.04,0.14,1,1,100.0,0.14,0.14,0.0,0.0,8,1.11,2,0.28,60,9,9,4,244,312,78.2,3,20,3,3,7,6,6,13,1,19,0
Kyle Walker,0,0,0,0,0,0.1,0.1,0.4,0.6,0.0,0.0,0.0,0.0,0.0,0.01,0.05,0.06,0.01,0.06,5,2,40.0,0.51,0.21,0.0,0.0,15,1.54,0,0.0,219,5,6,3,649,746,87.0,7,61,7,4,17,10,3,20,4,10,1
Kyle Walker-Peters,0,2,2,0,0,0.3,0.3,1.6,1.9,0.0,0.14,0.14,0.0,0.14,0.02,0.12,0.14,0.02,0.14,9,3,33.3,0.65,0.22,0.0,0.0,22,1.58,4,0.29,224,26,44,17,767,845,90.8,9,58,12,1,20,13,11,31,7,35,0
Lamare Bogarde,0,0,0,0,0,0.0,0.0,0.1,0.1,0.0,0.0,0.0,0.0,0.0,0.0,0.03,0.03,0.0,0.03,0,0,0.0,0.0,0.0,0.0,0.0,7,2.96,0,0.0,22,1,3,2,120,138,87.0,1,16,1,0,8,4,1,9,0,4,0
Leandro Trossard,3,1,4,3,0,2.9,2.9,1.7,4.6,0.32,0.11,0.42,0.32,0.42,0.31,0.18,0.49,0.31,0.49,21,8,38.1,2.22,0.85,0.14,0.38,33,3.49,2,0.21,223,54,34,13,209,294,71.1,15,15,21,4,13,10,6,19,0,8,0
Leif Davis,1,2,3,1,0,0.6,0.6,3.2,3.8,0.06,0.12,0.19,0.06,0.19,0.04,0.2,0.24,0.04,0.24,10,2,20.0,0.62,0.12,0.1,0.5,60,3.75,3,0.19,288,25,24,9,482,672,71.7,36,20,16,6,23,13,12,35,2,44,0
Leny Yoro,0,0,0,0,0,0.0,0.0,0.0,0.0,0.0,0.0,0.0,0.0,0.0,0.0,0.0,0.0,0.0,0.0,0,0,0.0,0.0,0.0,0.0,0.0,0,0.0,0,0.0,2,0,0,0,58,62,93.5,0,2,0,0,4,1,2,6,1,3,0
Leon Bailey,0,2,2,0,0,0.6,0.6,1.3,1.8,0.0,0.25,0.25,0.0,0.25,0.07,0.16,0.23,0.07,0.23,11,2,18.2,1.35,0.25,0.0,0.0,19,2.34,3,0.37,202,39,30,7,168,241,69.7,10,8,14,2,3,1,2,5,0,7,0
Lesley Ugochukwu,0,0,0,0,0,0.2,0.2,0.2,0.4,0.0,0.0,0.0,0.0,0.0,0.09,0.08,0.17,0.09,0.17,1,0,0.0,0.43,0.0,0.0,0.0,3,1.28,0,0.0,16,2,4,3,81,94,86.2,2,4,1,0,5,2,2,7,1,1,0
Levi Colwill,0,0,0,0,0,0.4,0.4,0.7,1.0,0.0,0.0,0.0,0.0,0.0,0.02,0.04,0.07,0.02,0.07,4,1,25.0,0.27,0.07,0.0,0.0,17,1.13,1,0.07,44,15,5,3,997,1113,89.6,4,60,3,1,12,8,16,28,17,49,1
Lewis Cook,1,3,4,1,0,0.6,0.6,2.2,2.7,0.08,0.23,0.31,0.08,0.31,0.04,0.17,0.21,0.04,0.21,9,2,22.2,0.69,0.15,0.11,0.5,40,3.06,4,0.31,202,11,8,3,481,633,76.0,21,69,10,2,35,21,23,58,6,22,0
Lewis Dunk,0,0,0,0,0,0.6,0.6,0.5,1.1,0.0,0.0,0.0,0.0,0.0,0.05,0.05,0.1,0.05,0.1,7,1,14.3,0.63,0.09,0.0,0.0,11,1.0,1,0.09,65,12,1,0,880,961,91.6,5,76,1,0,7,3,8,15,7,29,0
Lewis Hall,0,2,2,0,0,0.3,0.3,3.1,3.3,0.0,0.15,0.15,0.0,0.15,0.02,0.23,0.24,0.02,0.24,5,0,0.0,0.37,0.0,0.0,0.0,38,2.79,3,0.22,254,29,10,4,797,990,80.5,23,75,9,1,30,21,14,44,13,47,2
Liam Delap,6,1,7,6,0,4.4,4.4,1.3,5.7,0.46,0.08,0.53,0.46,0.53,0.33,0.1,0.44,0.33,0.44,28,12,42.9,2.12,0.91,0.21,0.5,32,2.43,2,0.15,148,40,34,17,90,148,60.8,14,8,5,0,6,4,2,8,0,14,0
Lisandro Martínez,0,1,1,0,0,0.9,0.9,0.7,1.6,0.0,0.08,0.08,0.0,0.08,0.07,0.06,0.13,0.07,0.13,10,3,30.0,0.78,0.23,0.0,0.0,14,1.09,1,0.08,67,9,5,4,840,928,90.5,5,59,8,1,23,14,26,49,4,35,1
Lloyd Kelly,0,1,1,0,0,0.4,0.4,0.5,0.8,0.0,0.3,0.3,0.0,0.3,0.11,0.14,0.25,0.11,0.25,2,0,0.0,0.6,0.0,0.0,0.0,2,0.6,1,0.3,13,2,3,2,138,169,81.7,2,5,1,1,5,4,1,6,4,16,0
Lucas Bergvall,0,0,0,0,0,0.1,0.1,0.2,0.3,0.0,0.0,0.0,0.0,0.0,0.04,0.12,0.16,0.04,0.16,2,0,0.0,1.05,0.0,0.0,0.0,4,2.09,0,0.0,52,3,10,6,136,147,92.5,2,10,3,1,7,4,5,12,1,1,0
Lucas Digne,0,2,2,0,0,0.5,0.5,2.9,3.4,0.0,0.15,0.15,0.0,0.15,0.04,0.22,0.27,0.04,0.27,7,2,28.6,0.54,0.15,0.0,0.0,32,2.47,3,0.23,296,17,11,5,482,637,75.7,21,15,19,12,31,19,18,49,3,40,0
Lucas Paquetá,2,0,2,1,1,2.5,1.7,1.5,3.2,0.17,0.0,0.17,0.09,0.09,0.22,0.13,0.35,0.15,0.28,17,2,11.8,1.48,0.17,0.06,0.5,42,3.66,5,0.44,189,25,14,9,470,612,76.8,17,62,16,1,25,17,8,33,2,18,3
Luis Díaz,5,2,7,5,0,3.6,3.6,1.6,5.3,0.51,0.2,0.72,0.51,0.72,0.37,0.17,0.54,0.37,0.54,24,10,41.7,2.45,1.02,0.21,0.5,50,5.11,8,0.82,241,59,48,19,261,310,84.2,19,19,16,2,13,7,3,16,0,4,1
Luis Guilherme,0,0,0,0,0,0.0,0.0,0.0,0.0,0.0,0.0,0.0,0.0,0.0,0.0,0.0,0.0,0.0,0.0,0,0,0.0,0.0,0.0,0.0,0.0,1,6.92,0,0.0,5,1,3,0,2,4,50.0,0,0,0,0,0,0,0,0,0,0,0
Luis Sinisterra,1,1,2,1,0,1.1,1.1,1.0,2.1,0.43,0.43,0.87,0.43,0.87,0.48,0.44,0.92,0.48,0.92,12,6,50.0,5.19,2.6,0.08,0.17,13,5.57,1,0.43,79,18,16,7,54,70,77.1,9,4,1,1,5,1,0,5,0,5,0
Luke Shaw,0,0,0,0,0,0.0,0.0,0.0,0.0,0.0,0.0,0.0,0.0,0.0,0.0,0.0,0.0,0.0,0.0,0,0,0.0,0.0,0.0,0.0,0.0,0,0.0,0,0.0,5,0,0,0,89,101,88.1,0,6,0,0,2,2,1,3,0,1,0
Luke Thomas,0,0,0,0,0,0.0,0.0,0.1,0.1,0.0,0.0,0.0,0.0,0.0,0.02,0.05,0.07,0.02,0.07,1,0,0.0,1.0,0.0,0.0,0.0,1,1.0,0,0.0,17,4,0,0,40,57,70.2,1,4,0,0,2,2,0,2,0,0,0
Luke Woolfenden,0,0,0,0,0,0.0,0.0,0.0,0.0,0.0,0.0,0.0,0.0,0.0,0.01,0.0,0.01,0.01,0.01,1,0,0.0,0.24,0.0,0.0,0.0,0,0.0,0,0.0,6,2,0,0,190,216,88.0,0,12,0,0,1,1,8,9,3,22,0
Mads Hermansen,0,0,0,0,0,0.0,0.0,0.0,0.0,0.0,0.0,0.0,0.0,0.0,0.0,0.0,0.0,0.0,0.0,0,0,0.0,0.0,0.0,0.0,0.0,2,0.13,0,0.0,0,0,1,1,382,596,64.1,0,9,0,0,1,1,0,1,0,8,2
Mads Roerslev,0,1,1,0,0,0.0,0.0,1.8,1.8,0.0,0.17,0.17,0.0,0.17,0.0,0.3,0.3,0.0,0.3,1,0,0.0,0.17,0.0,0.0,0.0,13,2.16,1,0.17,69,5,11,4,232,288,80.6,9,23,5,3,7,3,2,9,2,17,0
Malo Gusto,0,1,1,0,0,1.1,1.1,0.7,1.9,0.0,0.09,0.09,0.0,0.09,0.11,0.07,0.18,0.11,0.18,15,2,13.3,1.41,0.19,0.0,0.0,24,2.26,3,0.28,222,29,6,2,567,654,86.7,9,60,9,3,29,19,12,41,5,23,1
Manuel Akanji,0,0,0,0,0,0.3,0.3,0.3,0.6,0.0,0.0,0.0,0.0,0.0,0.03,0.02,0.05,0.03,0.05,8,1,12.5,0.72,0.09,0.0,0.0,21,1.88,1,0.09,265,8,1,1,844,899,93.9,6,91,11,2,12,10,5,17,4,31,1
Manuel Ugarte Ribeiro,0,0,0,0,0,0.0,0.0,0.5,0.6,0.0,0.0,0.0,0.0,0.0,0.01,0.08,0.09,0.01,0.09,2,0,0.0,0.3,0.0,0.0,0.0,14,2.12,0,0.0,64,2,10,6,277,303,91.4,6,20,1,0,29,15,9,38,2,8,1
Marc Cucurella,1,1,2,1,0,0.2,0.2,0.9,1.0,0.08,0.08,0.15,0.08,0.15,0.01,0.07,0.08,0.01,0.08,3,1,33.3,0.23,0.08,0.33,1.0,22,1.69,2,0.15,172,22,4,1,683,766,89.2,8,48,5,1,26,18,13,39,5,34,2
Marc Guiu,0,0,0,0,0,0.0,0.0,0.0,0.0,0.0,0.0,0.0,0.0,0.0,0.0,0.0,0.0,0.0,0.0,0,0,0.0,0.0,0.0,0.0,0.0,0,0.0,0,0.0,2,0,1,0,3,4,75.0,0,0,0,0,0,0,0,0,0,0,0
Marc Guéhi,2,1,3,2,0,1.3,1.3,0.5,1.9,0.12,0.06,0.19,0.12,0.19,0.08,0.03,0.12,0.08,0.12,9,4,44.4,0.56,0.25,0.22,0.5,18,1.13,2,0.12,50,13,7,5,707,838,84.4,7,57,5,1,20,10,10,30,14,80,1
Marcos Senesi,0,0,0,0,0,0.8,0.8,0.4,1.2,0.0,0.0,0.0,0.0,0.0,0.08,0.04,0.12,0.08,0.12,2,0,0.0,0.2,0.0,0.0,0.0,16,1.57,1,0.1,63,12,8,5,440,578,76.1,5,66,12,3,33,21,11,44,6,42,0
Marcus Harness,0,0,0,0,0,0.0,0.0,0.0,0.0,0.0,0.0,0.0,0.0,0.0,0.0,0.0,0.0,0.0,0.0,0,0,0.0,0.0,0.0,0.0,0.0,2,4.0,0,0.0,13,3,1,0,10,16,62.5,0,0,2,0,1,0,0,1,1,1,0
Marcus Rashford,4,1,5,4,0,1.7,1.7,2.1,3.8,0.37,0.09,0.46,0.37,0.46,0.16,0.19,0.35,0.16,0.35,16,9,56.3,1.47,0.83,0.25,0.44,29,2.67,1,0.09,222,34,39,9,253,343,73.8,15,13,16,8,7,4,4,11,0,7,0
Marcus Tavernier,1,4,5,1,0,4.1,4.1,2.6,6.7,0.08,0.32,0.39,0.08,0.39,0.32,0.2,0.53,0.32,0.53,32,9,28.1,2.53,0.71,0.03,0.11,61,4.82,8,0.63,352,32,33,13,362,504,71.8,30,45,20,7,31,18,3,34,0,8,0
Mario Lemina,1,3,4,1,0,1.4,1.4,1.1,2.5,0.07,0.2,0.27,0.07,0.27,0.09,0.08,0.17,0.09,0.17,18,5,27.8,1.22,0.34,0.06,0.2,25,1.69,5,0.34,109,18,16,10,474,588,80.6,10,40,11,3,49,30,27,76,7,49,3
Mark Flekken,0,1,1,0,0,0.0,0.0,0.2,0.2,0.0,0.06,0.06,0.0,0.06,0.0,0.01,0.01,0.0,0.01,0,0,0.0,0.0,0.0,0.0,0.0,2,0.12,1,0.06,0,0,1,1,581,780,74.5,1,22,1,0,2,2,0,2,0,15,2
Mark Travers,0,0,0,0,0,0.0,0.0,0.0,0.0,0.0,0.0,0.0,0.0,0.0,0.0,0.0,0.0,0.0,0.0,0,0,0.0,0.0,0.0,0.0,0.0,0,0.0,0,0.0,0,0,0,0,51,72,70.8,0,0,0,0,0,0,0,0,0,4,0
Martin Dúbravka,0,0,0,0,0,0.0,0.0,0.0,0.0,0.0,0.0,0.0,0.0,0.0,0.0,0.0,0.0,0.0,0.0,0,0,0.0,0.0,0.0,0.0,0.0,0,0.0,0,0.0,0,0,0,0,28,30,93.3,0,0,0,0,0,0,0,0,0,0,0
Martin Ødegaard,1,2,3,0,1,2.2,1.4,1.5,2.9,0.12,0.25,0.37,0.0,0.25,0.27,0.19,0.46,0.17,0.36,12,4,33.3,1.49,0.5,0.0,0.0,40,4.97,7,0.87,245,39,24,13,349,417,83.7,22,40,26,1,11,6,1,12,0,1,0
Mason Holgate,0,0,0,0,0,0.0,0.0,0.0,0.0,0.0,0.0,0.0,0.0,0.0,0.0,0.0,0.0,0.0,0.0,0,0,0.0,0.0,0.0,0.0,0.0,0,0.0,0,0.0,1,0,0,0,2,2,100.0,0,0,0,0,0,0,0,0,0,0,0
Mason Mount,0,0,0,0,0,0.4,0.4,0.1,0.5,0.0,0.0,0.0,0.0,0.0,0.14,0.04,0.18,0.14,0.18,3,2,66.7,1.09,0.73,0.0,0.0,8,2.91,0,0.0,36,6,4,0,76,95,80.0,4,5,0,0,6,2,0,6,1,0,0
Massimo Luongo,0,0,0,0,0,0.0,0.0,0.0,0.0,0.0,0.0,0.0,0.0,0.0,0.0,0.0,0.0,0.0,0.0,0,0,0.0,0.0,0.0,0.0,0.0,0,0.0,0,0.0,11,0,0,0,32,45,71.1,0,1,0,0,5,3,2,7,2,2,0
Mateo Kovačić,3,0,3,3,0,1.0,1.0,1.6,2.6,0.3,0.0,0.3,0.3,0.3,0.1,0.16,0.26,0.1,0.26,20,5,25.0,2.0,0.5,0.15,0.6,34,3.39,4,0.4,322,11,25,15,748,800,93.5,15,78,13,0,22,14,5,27,0,6,0
Mateus Fernandes,1,1,2,1,0,1.6,1.6,1.1,2.7,0.08,0.08,0.16,0.08,0.16,0.12,0.09,0.21,0.12,0.21,14,5,35.7,1.1,0.39,0.07,0.2,24,1.89,3,0.24,197,26,42,20,433,532,81.4,10,38,9,0,37,21,7,44,1,17,2
Matheus Cunha,8,3,11,8,0,3.8,3.8,4.3,8.1,0.54,0.2,0.74,0.54,0.74,0.26,0.29,0.55,0.26,0.55,46,18,39.1,3.1,1.21,0.17,0.44,58,3.91,7,0.47,322,69,66,33,338,488,69.3,28,46,30,7,18,11,10,28,0,15,0
Matheus Nunes,0,3,3,0,0,0.2,0.2,1.9,2.0,0.0,0.51,0.51,0.0,0.51,0.03,0.31,0.34,0.03,0.34,4,0,0.0,0.68,0.0,0.0,0.0,23,3.91,4,0.68,241,35,18,9,284,335,84.8,13,9,17,5,17,9,4,21,2,7,0
Mathias Jensen,0,1,1,0,0,0.2,0.2,0.8,1.0,0.0,0.19,0.19,0.0,0.19,0.04,0.15,0.19,0.04,0.19,5,1,20.0,0.94,0.19,0.0,0.0,21,3.95,3,0.56,107,4,8,4,175,243,72.0,8,21,10,2,4,3,4,8,1,6,1
Mats Wieffer,0,1,1,0,0,0.3,0.3,0.6,0.8,0.0,0.22,0.22,0.0,0.22,0.06,0.12,0.18,0.06,0.18,4,1,25.0,0.87,0.22,0.0,0.0,12,2.59,2,0.43,64,7,8,4,257,301,85.4,5,24,0,0,19,10,5,24,1,11,2
Matt Doherty,1,0,1,1,0,0.5,0.5,1.0,1.5,0.2,0.0,0.2,0.2,0.2,0.1,0.2,0.3,0.1,0.3,6,1,16.7,1.22,0.2,0.17,1.0,9,1.82,0,0.0,95,14,3,2,201,263,76.4,5,9,5,1,10,7,4,14,3,14,0
Matt O'Riley,1,0,1,1,0,0.7,0.7,0.4,1.1,0.41,0.0,0.41,0.41,0.41,0.28,0.18,0.46,0.28,0.46,5,2,40.0,2.04,0.81,0.2,0.5,8,3.27,1,0.41,39,10,2,1,69,85,81.2,4,7,3,0,5,4,4,9,0,3,0
Matthijs de Ligt,1,0,1,1,0,1.2,1.2,0.1,1.3,0.08,0.0,0.08,0.08,0.08,0.1,0.01,0.1,0.1,0.1,8,6,75.0,0.63,0.47,0.13,0.17,5,0.4,0,0.0,22,14,1,0,732,799,91.6,2,29,0,0,13,7,20,33,11,38,0
Matty Cash,1,0,1,1,0,0.1,0.1,0.2,0.3,0.12,0.0,0.12,0.12,0.12,0.01,0.02,0.03,0.01,0.03,3,2,66.7,0.36,0.24,0.33,0.5,7,0.85,0,0.0,98,17,12,8,293,366,80.1,3,18,2,1,22,10,13,35,4,23,1
Matz Sels,0,0,0,0,0,0.0,0.0,0.0,0.0,0.0,0.0,0.0,0.0,0.0,0.0,0.0,0.0,0.0,0.0,0,0,0.0,0.0,0.0,0.0,0.0,3,0.19,0,0.0,0,0,0,0,219,424,51.7,0,17,1,0,1,1,0,1,0,11,0
Max Aarons,0,0,0,0,0,0.0,0.0,0.0,0.0,0.0,0.0,0.0,0.0,0.0,0.0,0.0,0.0,0.0,0.0,0,0,0.0,0.0,0.0,0.0,0.0,2,11.25,0,0.0,6,0,0,0,17,20,85.0,0,2,0,0,0,0,0,0,0,0,0
Max Kilman,0,1,1,0,0,1.0,1.0,0.5,1.5,0.0,0.07,0.07,0.0,0.07,0.07,0.03,0.1,0.07,0.1,8,1,12.5,0.53,0.07,0.0,0.0,13,0.87,3,0.2,49,14,12,9,680,787,86.4,9,54,2,0,13,7,20,33,15,83,2
Maxence Lacroix,1,1,2,1,0,1.2,1.2,0.3,1.5,0.08,0.08,0.15,0.08,0.15,0.09,0.02,0.12,0.09,0.12,10,1,10.0,0.77,0.08,0.1,1.0,15,1.15,3,0.23,30,12,9,7,451,563,80.1,3,36,0,0,28,17,24,52,6,68,1
Maxwel Cornet,0,0,0,0,0,0.2,0.2,0.0,0.2,0.0,0.0,0.0,0.0,0.0,0.2,0.0,0.2,0.2,0.2,1,0,0.0,1.25,0.0,0.0,0.0,0,0.0,0,0.0,13,2,1,0,17,22,77.3,0,0,0,0,5,5,0,5,0,2,0
Michael Keane,2,0,2,2,0,0.4,0.4,0.1,0.5,0.22,0.0,0.22,0.22,0.22,0.05,0.01,0.06,0.05,0.06,8,3,37.5,0.89,0.33,0.25,0.67,6,0.67,0,0.0,18,14,0,0,253,308,82.1,2,17,0,0,10,7,10,20,6,50,0
Michail Antonio,1,1,2,1,0,2.2,2.2,1.6,3.8,0.11,0.11,0.22,0.11,0.22,0.24,0.17,0.41,0.24,0.41,19,4,21.1,2.05,0.43,0.05,0.25,22,2.37,4,0.43,151,36,27,9,114,188,60.6,9,11,6,2,2,2,0,2,0,2,0
Micky van de Ven,0,2,2,0,0,0.4,0.4,1.2,1.5,0.0,0.23,0.23,0.0,0.23,0.04,0.13,0.17,0.04,0.17,5,1,20.0,0.57,0.11,0.0,0.0,9,1.03,2,0.23,32,8,6,4,589,645,91.3,2,41,1,0,8,5,9,17,5,29,1
Miguel Almirón,0,0,0,0,0,0.5,0.5,0.2,0.6,0.0,0.0,0.0,0.0,0.0,0.34,0.13,0.47,0.34,0.47,5,1,20.0,3.66,0.73,0.0,0.0,4,2.93,0,0.0,27,6,1,0,37,48,77.1,1,3,1,0,2,1,0,2,0,0,0
Mikel Merino,1,0,1,1,0,1.3,1.3,0.8,2.0,0.19,0.0,0.19,0.19,0.19,0.24,0.15,0.39,0.24,0.39,9,3,33.3,1.71,0.57,0.11,0.33,11,2.08,0,0.0,89,20,3,3,157,205,76.6,5,17,10,2,15,10,8,23,5,7,1
Mikey Moore,0,0,0,0,0,0.0,0.0,0.0,0.0,0.0,0.0,0.0,0.0,0.0,0.04,0.0,0.04,0.04,0.04,1,0,0.0,1.06,0.0,0.0,0.0,5,5.29,0,0.0,24,3,6,1,15,22,68.2,0,0,2,0,0,0,1,1,0,0,0
Mikkel Damsgaard,2,4,6,2,0,1.5,1.5,3.7,5.2,0.16,0.33,0.49,0.16,0.49,0.12,0.31,0.43,0.12,0.43,15,5,33.3,1.23,0.41,0.13,0.4,42,3.44,10,0.82,246,27,30,15,390,539,72.4,22,48,16,3,43,25,13,56,1,23,1
Milos Kerkez,1,2,3,1,0,0.2,0.2,2.4,2.6,0.07,0.14,0.21,0.07,0.21,0.02,0.17,0.18,0.01,0.18,8,1,12.5,0.56,0.07,0.13,1.0,35,2.47,4,0.28,255,24,13,7,477,613,77.8,15,30,14,9,22,11,16,38,5,37,0
Mohamed Salah,13,9,22,9,4,10.6,7.5,5.6,13.1,0.89,0.62,1.5,0.62,1.23,0.73,0.38,1.11,0.51,0.9,47,23,48.9,3.21,1.57,0.19,0.39,63,4.31,10,0.68,376,127,50,25,322,453,71.1,27,25,30,7,9,6,4,13,0,4,0
Mohammed Kudus,2,1,3,2,0,3.0,3.0,1.2,4.2,0.22,0.11,0.33,0.22,0.33,0.33,0.13,0.46,0.33,0.46,33,12,36.4,3.59,1.31,0.06,0.17,39,4.25,1,0.11,229,52,73,38,231,277,83.4,10,17,12,7,13,10,1,14,1,1,0
Moisés Caicedo,1,2,3,1,0,0.4,0.4,2.0,2.4,0.06,0.13,0.19,0.06,0.19,0.03,0.13,0.15,0.03,0.15,9,2,22.2,0.57,0.13,0.11,0.5,46,2.93,6,0.38,225,9,23,10,813,917,88.7,17,100,17,2,49,32,27,76,5,20,0
Morato,0,0,0,0,0,0.0,0.0,0.0,0.0,0.0,0.0,0.0,0.0,0.0,0.0,0.0,0.0,0.0,0.0,0,0,0.0,0.0,0.0,0.0,0.0,2,1.03,0,0.0,13,0,1,1,38,52,73.1,0,2,0,0,5,4,4,9,3,21,0
Morgan Gibbs-White,2,2,4,2,0,1.6,1.6,2.5,4.0,0.19,0.19,0.39,0.19,0.39,0.15,0.24,0.39,0.15,0.39,23,11,47.8,2.22,1.06,0.09,0.18,42,4.05,6,0.58,243,39,36,18,329,427,77.0,22,52,9,2,15,4,7,22,2,9,0
Morgan Rogers,4,2,6,4,0,3.2,3.2,3.3,6.5,0.27,0.14,0.41,0.27,0.41,0.22,0.22,0.45,0.22,0.45,28,8,28.6,1.92,0.55,0.14,0.5,50,3.43,4,0.27,251,62,64,26,298,395,75.4,24,30,26,0,14,7,3,17,2,9,0
Murillo,1,0,1,1,0,1.0,1.0,0.9,1.9,0.06,0.0,0.06,0.06,0.06,0.06,0.06,0.12,0.06,0.12,14,4,28.6,0.89,0.25,0.07,0.25,20,1.27,1,0.06,56,12,15,12,518,649,79.8,10,47,6,0,20,12,10,30,21,93,1
Mykhailo Mudryk,0,0,0,0,0,0.3,0.3,1.0,1.2,0.0,0.0,0.0,0.0,0.0,0.15,0.58,0.73,0.15,0.73,1,1,100.0,0.6,0.6,0.0,0.0,6,3.6,0,0.0,38,6,8,3,28,42,66.7,2,2,2,1,2,2,0,2,1,1,0
Myles Lewis-Skelly,0,0,0,0,0,0.0,0.0,0.1,0.1,0.0,0.0,0.0,0.0,0.0,0.0,0.08,0.08,0.0,0.08,0,0,0.0,0.0,0.0,0.0,0.0,2,2.14,0,0.0,21,1,0,0,68,73,93.2,1,9,0,0,3,2,0,3,0,1,0
Nathan Aké,0,0,0,0,0,0.1,0.1,0.0,0.1,0.0,0.0,0.0,0.0,0.0,0.03,0.0,0.03,0.03,0.03,2,0,0.0,0.6,0.0,0.0,0.0,4,1.2,0,0.0,43,3,0,0,238,257,92.6,0,16,0,0,5,4,3,8,1,5,1
Nathan Broadhead,0,0,0,0,0,0.0,0.0,0.0,0.0,0.0,0.0,0.0,0.0,0.0,0.0,0.0,0.0,0.0,0.0,0,0,0.0,0.0,0.0,0.0,0.0,0,0.0,0,0.0,7,1,3,2,11,14,78.6,0,0,0,0,2,2,0,2,0,0,0
Nathan Collins,2,1,3,2,0,2.0,2.0,1.3,3.2,0.12,0.06,0.19,0.12,0.19,0.12,0.08,0.2,0.12,0.2,10,5,50.0,0.62,0.31,0.2,0.4,18,1.13,5,0.31,76,35,7,4,776,915,84.8,5,46,4,1,20,12,15,35,27,83,0
Nathan Patterson,0,0,0,0,0,0.0,0.0,0.2,0.2,0.0,0.0,0.0,0.0,0.0,0.0,0.87,0.87,0.0,0.87,0,0,0.0,0.0,0.0,0.0,0.0,1,5.0,0,0.0,5,1,0,0,12,14,85.7,1,1,1,1,1,0,0,1,0,0,0
Nathan Wood-Gordon,0,0,0,0,0,0.1,0.1,0.0,0.1,0.0,0.0,0.0,0.0,0.0,0.04,0.01,0.05,0.04,0.05,1,0,0.0,0.35,0.0,0.0,0.0,1,0.35,0,0.0,5,1,1,1,175,179,97.8,1,3,0,0,4,3,1,5,3,8,1
Nathaniel Clyne,0,0,0,0,0,0.0,0.0,0.0,0.0,0.0,0.0,0.0,0.0,0.0,0.0,0.0,0.0,0.0,0.0,1,0,0.0,0.3,0.0,0.0,0.0,0,0.0,0,0.0,22,1,0,0,92,127,72.4,0,9,0,0,11,7,3,14,1,10,1
Neco Williams,0,0,0,0,0,0.7,0.7,0.3,1.1,0.0,0.0,0.0,0.0,0.0,0.1,0.05,0.15,0.1,0.15,14,4,28.6,1.94,0.55,0.0,0.0,16,2.22,1,0.14,111,12,13,6,195,256,76.2,5,12,8,3,23,14,5,28,2,28,0
Neto,0,0,0,0,0,0.0,0.0,0.0,0.0,0.0,0.0,0.0,0.0,0.0,0.0,0.0,0.0,0.0,0.0,0,0,0.0,0.0,0.0,0.0,0.0,0,0.0,0,0.0,0,0,0,0,40,62,64.5,0,2,0,0,0,0,0,0,0,1,1
Nick Pope,0,0,0,0,0,0.0,0.0,0.0,0.0,0.0,0.0,0.0,0.0,0.0,0.0,0.0,0.0,0.0,0.0,0,0,0.0,0.0,0.0,0.0,0.0,3,0.2,0,0.0,0,0,0,0,314,441,71.2,0,1,0,0,0,0,1,1,0,16,4
Niclas Füllkrug,1,0,1,1,0,0.7,0.7,0.0,0.7,1.15,0.0,1.15,1.15,1.15,0.78,0.0,0.78,0.78,0.78,3,2,66.7,3.46,2.31,0.33,0.5,2,2.31,0,0.0,12,7,2,0,17,19,89.5,0,1,0,0,0,0,0,0,0,2,0
Nicolas Jackson,9,3,12,9,0,8.5,8.5,1.8,10.2,0.69,0.23,0.91,0.69,0.91,0.65,0.13,0.78,0.65,0.78,41,21,51.2,3.12,1.6,0.22,0.43,35,2.67,7,0.53,180,78,34,12,153,212,72.2,14,13,3,1,10,6,2,12,1,12,0
Nicolás Domínguez,0,0,0,0,0,1.2,1.2,0.2,1.4,0.0,0.0,0.0,0.0,0.0,0.14,0.02,0.16,0.14,0.16,11,4,36.4,1.27,0.46,0.0,0.0,11,1.27,0,0.0,137,14,4,1,357,416,85.8,3,35,2,0,29,13,16,45,4,15,0
Nikola Milenković,2,1,3,2,0,2.5,2.5,0.2,2.8,0.13,0.07,0.2,0.13,0.2,0.17,0.02,0.18,0.17,0.18,16,3,18.8,1.07,0.2,0.13,0.67,10,0.67,2,0.13,38,30,1,1,372,438,84.9,4,25,0,0,16,13,13,29,12,56,0
Noni Madueke,5,3,8,5,0,5.0,5.0,2.6,7.6,0.44,0.26,0.7,0.44,0.7,0.44,0.22,0.66,0.44,0.66,49,21,42.9,4.31,1.85,0.1,0.24,40,3.52,7,0.62,316,96,44,21,271,341,79.5,16,6,24,4,14,10,5,19,0,5,0
Noussair Mazraoui,0,1,1,0,0,0.2,0.2,0.2,0.5,0.0,0.08,0.08,0.0,0.08,0.02,0.02,0.04,0.02,0.04,5,2,40.0,0.39,0.16,0.0,0.0,17,1.32,1,0.08,136,11,27,19,735,850,86.5,5,62,5,2,53,30,14,67,4,39,0
Nélson Semedo,0,2,2,0,0,0.4,0.4,1.2,1.6,0.0,0.16,0.16,0.0,0.16,0.03,0.1,0.13,0.03,0.13,7,3,42.9,0.55,0.24,0.0,0.0,20,1.58,2,0.16,129,10,33,16,470,573,82.0,9,38,5,2,32,18,7,39,6,59,1
Odsonne Édouard,0,0,0,0,0,0.4,0.4,0.0,0.4,0.0,0.0,0.0,0.0,0.0,0.31,0.17,0.47,0.31,0.47,5,1,20.0,3.91,0.78,0.0,0.0,3,6.99,0,0.0,29,14,3,1,23,36,135.7,2,2,0,0,2,1,0,2,0,2,0
Ola Aina,1,0,1,1,0,0.1,0.1,0.5,0.6,0.07,0.0,0.07,0.07,0.07,0.01,0.03,0.04,0.01,0.04,4,1,25.0,0.26,0.07,0.25,1.0,32,2.1,1,0.07,216,10,29,14,514,681,75.5,7,46,9,6,34,24,20,54,5,39,1
Oleksandr Zinchenko,0,0,0,0,0,0.1,0.1,0.0,0.1,0.0,0.0,0.0,0.0,0.0,0.02,0.01,0.03,0.02,0.03,1,0,0.0,0.38,0.0,0.0,0.0,6,2.27,1,0.38,45,8,1,1,166,203,81.8,1,13,1,0,2,0,3,5,0,5,0
Oliver Skipp,0,0,0,0,0,0.1,0.1,0.2,0.2,0.0,0.0,0.0,0.0,0.0,0.01,0.02,0.03,0.01,0.03,2,1,50.0,0.28,0.14,0.0,0.0,7,0.99,0,0.0,46,1,8,4,235,274,85.8,5,18,4,0,7,2,8,15,3,8,1
Ollie Watkins,7,3,10,6,1,8.7,7.9,1.6,9.5,0.56,0.24,0.8,0.48,0.72,0.7,0.13,0.83,0.63,0.76,42,18,42.9,3.36,1.44,0.14,0.33,30,2.4,5,0.4,185,87,23,5,127,167,76.0,12,7,3,0,5,3,2,7,1,3,0
Omari Hutchinson,1,1,2,1,0,1.3,1.3,1.5,2.8,0.07,0.07,0.14,0.07,0.14,0.09,0.1,0.19,0.09,0.19,21,8,38.1,1.44,0.55,0.05,0.13,39,2.68,4,0.27,290,51,78,33,320,424,75.5,14,25,10,4,18,8,6,24,1,7,1
Orel Mangala,1,0,1,1,0,0.4,0.4,0.5,0.9,0.13,0.0,0.13,0.13,0.13,0.05,0.07,0.12,0.05,0.12,7,2,28.6,0.93,0.27,0.14,0.5,17,2.26,1,0.13,88,8,14,9,241,270,89.3,5,24,4,0,11,5,13,24,1,10,0
Pablo Sarabia,1,0,1,1,0,1.4,1.4,0.4,1.9,0.5,0.0,0.5,0.5,0.5,0.71,0.22,0.93,0.71,0.93,4,4,100.0,1.99,1.99,0.25,0.25,5,2.49,1,0.5,40,8,7,4,60,94,63.8,3,10,4,0,5,3,2,7,0,2,1
Pape Matar Sarr,1,2,3,1,0,1.8,1.8,1.2,3.0,0.11,0.21,0.32,0.11,0.32,0.19,0.13,0.32,0.19,0.32,14,6,42.9,1.48,0.63,0.07,0.17,24,2.53,6,0.63,162,9,13,5,461,529,87.1,8,54,6,1,27,20,16,43,2,11,0
Patson Daka,1,0,1,1,0,0.2,0.2,0.0,0.2,0.8,0.0,0.8,0.8,0.8,0.17,0.0,0.17,0.17,0.17,3,1,33.3,2.41,0.8,0.33,1.0,1,0.8,1,0.8,15,7,4,1,10,21,47.6,0,0,0,0,5,1,0,5,1,2,0
Pau Torres,0,0,0,0,0,0.3,0.3,0.0,0.3,0.0,0.0,0.0,0.0,0.0,0.02,0.0,0.02,0.02,0.02,5,1,20.0,0.33,0.07,0.0,0.0,10,0.67,2,0.13,69,11,14,13,824,937,87.9,1,86,6,0,15,11,6,21,6,37,2
Paul Onuachu,0,0,0,0,0,0.1,0.1,0.0,0.1,0.0,0.0,0.0,0.0,0.0,0.05,0.02,0.06,0.05,0.06,3,1,33.3,2.37,0.79,0.0,0.0,1,0.79,0,0.0,13,6,8,4,19,32,59.4,1,1,0,0,0,0,1,1,0,1,0
Pedro Neto,1,2,3,1,0,0.5,0.5,2.4,3.0,0.12,0.25,0.37,0.12,0.37,0.06,0.3,0.36,0.06,0.36,15,5,33.3,1.84,0.61,0.07,0.2,32,3.93,5,0.61,222,34,42,15,227,287,79.1,17,5,11,8,10,5,5,15,0,2,0
Pedro Porro,2,2,4,2,0,1.2,1.2,1.6,2.8,0.13,0.13,0.27,0.13,0.27,0.08,0.1,0.18,0.08,0.18,25,6,24.0,1.67,0.4,0.08,0.33,49,3.27,3,0.2,436,18,18,5,704,950,74.1,24,58,26,11,28,20,17,45,9,40,0
Pervis Estupiñán,0,1,1,0,0,0.5,0.5,1.3,1.8,0.0,0.09,0.09,0.0,0.09,0.05,0.12,0.17,0.05,0.17,12,3,25.0,1.11,0.28,0.0,0.0,28,2.59,3,0.28,236,14,11,5,590,710,83.1,15,37,18,12,27,18,14,41,2,31,0
Phil Foden,0,1,1,0,0,1.5,1.5,2.8,4.3,0.0,0.12,0.12,0.0,0.12,0.19,0.34,0.54,0.19,0.54,24,3,12.5,3.0,0.37,0.0,0.0,45,5.63,3,0.37,295,39,21,8,351,417,84.2,19,14,15,2,2,1,3,5,1,2,0
Philip Billing,0,0,0,0,0,0.0,0.0,0.7,0.7,0.0,0.0,0.0,0.0,0.0,0.04,1.02,1.06,0.04,1.06,1,0,0.0,1.5,0.0,0.0,0.0,6,9.0,0,0.0,19,4,3,1,27,38,71.1,4,3,3,1,8,2,1,9,0,1,0
Radu Drăgușin,0,0,0,0,0,0.0,0.0,0.0,0.0,0.0,0.0,0.0,0.0,0.0,0.01,0.0,0.01,0.01,0.01,3,1,33.3,0.38,0.13,0.0,0.0,3,0.38,1,0.13,17,6,1,0,412,474,86.9,0,31,0,0,9,5,10,19,9,28,4
Raheem Sterling,0,1,1,0,0,0.5,0.5,0.2,0.7,0.0,0.61,0.61,0.0,0.61,0.31,0.1,0.41,0.31,0.41,4,0,0.0,2.43,0.0,0.0,0.0,7,4.26,1,0.61,52,15,9,6,39,53,73.6,3,1,1,0,1,1,0,1,0,0,0
Ramón Sosa,1,0,1,1,0,0.7,0.7,0.4,1.1,0.6,0.0,0.6,0.6,0.6,0.41,0.25,0.66,0.41,0.66,6,2,33.3,3.6,1.2,0.17,0.5,11,6.6,0,0.0,50,8,8,5,39,57,68.4,7,2,4,2,3,2,2,5,0,2,0
Rasmus Højlund,2,0,2,2,0,1.8,1.8,0.7,2.5,0.26,0.0,0.26,0.26,0.26,0.24,0.09,0.33,0.24,0.33,7,4,57.1,0.92,0.53,0.29,0.5,15,1.97,1,0.13,79,18,15,5,93,117,79.5,6,5,2,0,1,0,1,2,0,3,0
Rayan Aït-Nouri,3,3,6,3,0,1.3,1.3,1.5,2.9,0.2,0.2,0.4,0.2,0.4,0.09,0.1,0.19,0.09,0.19,16,4,25.0,1.05,0.26,0.19,0.75,35,2.3,5,0.33,242,35,57,28,610,721,84.6,14,36,12,3,40,25,13,53,4,38,1
Raúl Jiménez,5,2,7,4,1,4.9,4.1,2.2,6.3,0.46,0.19,0.65,0.37,0.56,0.46,0.2,0.66,0.39,0.59,33,14,42.4,3.07,1.3,0.12,0.29,22,2.05,4,0.37,173,66,14,4,156,233,67.0,9,15,2,0,16,9,5,21,1,7,2
Reece James,0,0,0,0,0,0.0,0.0,0.0,0.0,0.0,0.0,0.0,0.0,0.0,0.0,0.0,0.0,0.0,0.0,0,0,0.0,0.0,0.0,0.0,0.0,3,1.12,0,0.0,45,0,3,1,183,221,82.8,0,17,1,0,2,2,3,5,2,5,1
Reiss Nelson,1,1,2,1,0,1.1,1.1,1.0,2.1,0.18,0.18,0.37,0.18,0.37,0.2,0.18,0.39,0.2,0.39,12,6,50.0,2.22,1.11,0.08,0.17,31,5.73,1,0.18,212,35,35,13,232,268,86.6,13,7,15,3,9,6,5,14,0,3,0
Renato Veiga,0,0,0,0,0,0.2,0.2,0.0,0.2,0.0,0.0,0.0,0.0,0.0,0.08,0.0,0.08,0.08,0.08,3,1,33.3,1.49,0.5,0.0,0.0,1,0.49,0,0.0,27,3,5,3,118,139,84.9,0,6,1,0,9,6,1,10,1,2,0
Ricardo Pereira,0,0,0,0,0,0.0,0.0,0.0,0.0,0.0,0.0,0.0,0.0,0.0,0.0,0.0,0.0,0.0,0.0,0,0,0.0,0.0,0.0,0.0,0.0,2,1.23,0,0.0,13,1,0,0,76,88,86.4,0,8,0,0,3,2,1,4,1,0,0
Riccardo Calafiori,1,0,1,1,0,0.5,0.5,0.1,0.6,0.18,0.0,0.18,0.18,0.18,0.1,0.02,0.11,0.1,0.11,5,4,80.0,0.89,0.71,0.2,0.25,5,0.89,0,0.0,103,14,8,6,227,271,83.8,2,16,3,1,15,11,5,20,4,17,0
Richarlison,0,1,1,0,0,0.2,0.2,0.8,1.0,0.0,1.0,1.0,0.0,1.0,0.19,0.76,0.95,0.19,0.95,1,0,0.0,1.0,0.0,0.0,0.0,3,2.97,1,0.99,13,5,5,1,23,34,67.6,2,4,0,0,1,1,0,1,0,2,0
Rico Lewis,1,2,3,1,0,1.1,1.1,0.3,1.3,0.09,0.18,0.26,0.09,0.26,0.09,0.02,0.12,0.09,0.12,7,1,14.3,0.62,0.09,0.14,1.0,19,1.67,2,0.18,258,37,12,5,551,604,91.2,5,48,8,0,22,12,10,32,2,23,1
Robert Sánchez,0,0,0,0,0,0.0,0.0,0.0,0.0,0.0,0.0,0.0,0.0,0.0,0.0,0.0,0.0,0.0,0.0,0,0,0.0,0.0,0.0,0.0,0.0,2,0.13,1,0.07,0,0,0,0,451,616,73.2,0,10,1,0,0,0,0,0,0,11,4
Robin Olsen,0,0,0,0,0,0.0,0.0,0.0,0.0,0.0,0.0,0.0,0.0,0.0,0.0,0.0,0.0,0.0,0.0,0,0,0.0,0.0,0.0,0.0,0.0,1,2.0,0,0.0,0,0,0,0,16,21,76.2,0,0,0,0,1,0,0,1,0,1,0
Rodri,0,0,0,0,0,0.0,0.0,0.0,0.0,0.0,0.0,0.0,0.0,0.0,0.0,0.06,0.06,0.0,0.06,0,0,0.0,0.0,0.0,0.0,0.0,2,2.77,0,0.0,24,0,1,0,57,61,93.4,1,3,1,0,2,1,1,3,0,0,0
Rodrigo Bentancur,1,0,1,1,0,0.7,0.7,0.1,0.8,0.17,0.0,0.17,0.17,0.17,0.11,0.01,0.13,0.11,0.13,11,2,18.2,1.85,0.34,0.09,0.5,15,2.52,0,0.0,92,7,6,2,356,391,91.0,2,41,3,0,19,9,16,35,0,5,0
Rodrigo Gomes,0,0,0,0,0,0.1,0.1,0.2,0.2,0.0,0.0,0.0,0.0,0.0,0.02,0.05,0.08,0.02,0.08,2,0,0.0,0.66,0.0,0.0,0.0,4,1.32,0,0.0,60,13,6,2,58,95,61.1,3,2,3,0,8,3,1,9,1,5,1
Rodrigo Muniz,2,1,3,2,0,1.9,1.9,0.6,2.5,0.38,0.19,0.57,0.38,0.57,0.36,0.12,0.47,0.36,0.47,17,7,41.2,3.24,1.33,0.12,0.29,8,1.52,0,0.0,58,25,11,3,42,60,70.0,6,7,1,0,3,1,3,6,1,5,0
Roman Dixon,0,0,0,0,0,0.0,0.0,0.0,0.0,0.0,0.0,0.0,0.0,0.0,0.0,0.0,0.0,0.0,0.0,0,0,0.0,0.0,0.0,0.0,0.0,0,0.0,0,0.0,4,0,3,0,11,19,57.9,0,3,0,0,5,5,1,6,0,3,0
Roméo Lavia,0,1,1,0,0,0.2,0.2,0.7,0.9,0.0,0.19,0.19,0.0,0.19,0.03,0.13,0.16,0.03,0.16,1,0,0.0,0.19,0.0,0.0,0.0,10,1.89,2,0.38,48,1,11,7,244,265,92.1,6,30,3,0,15,9,11,26,0,5,0
Ronnie Edwards,0,0,0,0,0,0.0,0.0,0.0,0.0,0.0,0.0,0.0,0.0,0.0,0.0,0.0,0.0,0.0,0.0,0,0,0.0,0.0,0.0,0.0,0.0,0,0.0,0,0.0,0,0,0,0,5,5,100.0,0,0,0,0,0,0,0,0,1,0,0
Ross Barkley,2,1,3,2,0,1.5,1.5,0.5,2.1,0.4,0.2,0.6,0.4,0.6,0.31,0.11,0.42,0.31,0.42,12,3,25.0,2.41,0.6,0.17,0.67,13,2.61,3,0.6,86,15,7,5,248,292,84.9,7,27,5,0,9,2,5,14,2,4,0
Ross Stewart,0,0,0,0,0,0.1,0.1,0.0,0.1,0.0,0.0,0.0,0.0,0.0,0.08,0.0,0.08,0.08,0.08,2,0,0.0,1.36,0.0,0.0,0.0,2,1.36,0,0.0,18,2,2,1,36,45,80.0,0,1,1,0,0,0,0,0,0,4,0
Ryan Christie,1,0,1,1,0,0.6,0.6,1.2,1.8,0.09,0.0,0.09,0.09,0.09,0.05,0.12,0.17,0.05,0.17,10,4,40.0,0.94,0.38,0.1,0.25,33,3.12,1,0.09,158,18,22,11,356,433,82.2,14,45,14,1,16,8,11,27,6,22,1
Ryan Fraser,0,0,0,0,0,0.0,0.0,0.1,0.1,0.0,0.0,0.0,0.0,0.0,0.01,0.03,0.04,0.01,0.04,1,1,100.0,0.3,0.3,0.0,0.0,5,1.49,0,0.0,36,3,3,2,76,102,74.5,2,3,1,0,6,2,1,7,1,9,0
Ryan Gravenberch,0,1,1,0,0,0.6,0.6,1.3,1.9,0.0,0.07,0.07,0.0,0.07,0.04,0.09,0.13,0.04,0.13,7,2,28.6,0.48,0.14,0.0,0.0,23,1.56,5,0.34,199,12,30,15,810,904,89.6,8,79,14,1,28,16,31,59,5,17,0
Ryan Manning,0,0,0,0,0,0.1,0.1,1.2,1.3,0.0,0.0,0.0,0.0,0.0,0.02,0.16,0.18,0.02,0.18,3,0,0.0,0.41,0.0,0.0,0.0,16,2.19,0,0.0,132,17,18,8,258,326,79.1,11,5,3,3,15,10,8,23,7,13,0
Ryan Sessegnon,0,0,0,0,0,0.0,0.0,0.0,0.0,0.0,0.0,0.0,0.0,0.0,0.0,0.0,0.0,0.0,0.0,0,0,0.0,0.0,0.0,0.0,0.0,0,0.0,0,0.0,1,0,0,0,1,4,25.0,0,0,0,0,0,0,1,1,0,1,0
Ryan Trevitt,0,0,0,0,0,0.0,0.0,0.0,0.0,0.0,0.0,0.0,0.0,0.0,0.0,0.0,0.0,0.0,0.0,0,0,0.0,0.0,0.0,0.0,0.0,0,0.0,0,0.0,1,0,0,0,4,7,57.1,0,1,0,0,1,1,0,1,0,0,0
Ryan Yates,1,0,1,1,0,1.7,1.7,0.7,2.4,0.08,0.0,0.08,0.08,0.08,0.13,0.05,0.18,0.13,0.18,23,6,26.1,1.74,0.45,0.04,0.17,26,1.96,1,0.08,197,30,14,7,423,501,84.4,12,34,3,0,26,14,15,41,1,35,1
Rúben Dias,0,0,0,0,0,1.1,1.1,0.3,1.3,0.0,0.0,0.0,0.0,0.0,0.09,0.02,0.11,0.09,0.11,13,3,23.1,1.08,0.25,0.0,0.0,17,1.41,0,0.0,202,15,1,0,1054,1123,93.9,5,102,5,0,9,5,12,21,9,32,1
Sam Johnstone,0,0,0,0,0,0.0,0.0,0.0,0.0,0.0,0.0,0.0,0.0,0.0,0.0,0.0,0.0,0.0,0.0,0,0,0.0,0.0,0.0,0.0,0.0,2,0.29,0,0.0,0,0,0,0,184,278,66.2,1,6,0,0,0,0,0,0,0,7,0
Sam Morsy,1,1,2,1,0,0.3,0.3,0.5,0.8,0.07,0.07,0.13,0.07,0.13,0.02,0.03,0.05,0.02,0.05,7,1,14.3,0.47,0.07,0.14,1.0,24,1.61,1,0.07,146,3,14,11,681,775,87.9,11,84,10,2,36,20,17,53,5,25,2
Sammie Szmodics,3,0,3,3,0,2.9,2.9,0.1,3.0,0.36,0.0,0.36,0.36,0.36,0.35,0.02,0.36,0.35,0.36,17,10,58.8,2.05,1.21,0.18,0.3,8,0.97,0,0.0,91,24,12,4,106,143,74.1,3,8,4,1,12,8,4,16,1,9,0
Samuel Amo-Ameyaw,0,0,0,0,0,0.0,0.0,0.1,0.1,0.0,0.0,0.0,0.0,0.0,0.07,0.22,0.29,0.07,0.29,1,0,0.0,3.21,0.0,0.0,0.0,2,6.43,0,0.0,7,1,4,0,8,9,88.9,1,0,1,1,1,0,0,1,0,0,0
Samuel Edozie,0,0,0,0,0,0.0,0.0,0.1,0.1,0.0,0.0,0.0,0.0,0.0,0.0,0.14,0.14,0.0,0.14,0,0,0.0,0.0,0.0,0.0,0.0,4,5.54,0,0.0,36,10,4,2,25,33,75.8,1,0,3,0,3,1,0,3,0,0,0
Sander Berge,0,0,0,0,0,0.1,0.1,0.4,0.5,0.0,0.0,0.0,0.0,0.0,0.01,0.04,0.05,0.01,0.05,1,0,0.0,0.1,0.0,0.0,0.0,14,1.43,1,0.1,63,4,6,3,402,447,89.9,10,41,0,0,26,16,14,40,5,16,0
Sandro Tonali,0,1,1,0,0,1.2,1.2,0.3,1.5,0.0,0.12,0.12,0.0,0.12,0.15,0.04,0.18,0.15,0.18,11,4,36.4,1.34,0.49,0.0,0.0,18,2.18,3,0.36,115,14,12,5,294,366,80.3,5,34,3,0,16,11,15,31,5,10,1
Santiago Bueno,0,0,0,0,0,0.2,0.2,0.0,0.2,0.0,0.0,0.0,0.0,0.0,0.03,0.0,0.03,0.03,0.03,1,1,100.0,0.13,0.13,0.0,0.0,5,0.64,1,0.13,8,1,2,0,305,362,84.3,0,10,1,0,12,6,4,16,8,24,0
Saša Lukić,0,0,0,0,0,0.0,0.0,0.5,0.5,0.0,0.0,0.0,0.0,0.0,0.0,0.05,0.06,0.0,0.06,2,0,0.0,0.21,0.0,0.0,0.0,18,1.85,0,0.0,90,1,4,1,410,461,88.9,7,40,5,1,24,10,13,37,5,10,0
Scott McTominay,0,0,0,0,0,0.1,0.1,0.0,0.1,0.0,0.0,0.0,0.0,0.0,0.33,0.0,0.33,0.33,0.33,1,0,0.0,4.74,0.0,0.0,0.0,1,4.74,0,0.0,3,1,1,0,10,10,100.0,0,2,0,0,0,0,0,0,0,1,0
Sean Longstaff,0,0,0,0,0,0.6,0.6,0.2,0.8,0.0,0.0,0.0,0.0,0.0,0.08,0.02,0.1,0.08,0.1,6,1,16.7,0.78,0.13,0.0,0.0,14,1.83,2,0.26,109,20,6,2,251,296,84.8,4,23,1,0,27,16,5,32,2,4,0
Sepp van den Berg,0,0,0,0,0,0.6,0.6,0.1,0.8,0.0,0.0,0.0,0.0,0.0,0.05,0.01,0.06,0.05,0.06,8,3,37.5,0.61,0.23,0.0,0.0,10,0.77,1,0.08,108,19,7,4,464,563,82.4,3,31,3,1,22,13,10,32,14,50,2
Simon Adingra,1,1,2,1,0,0.6,0.6,0.6,1.2,0.26,0.26,0.52,0.26,0.52,0.16,0.15,0.31,0.16,0.31,8,3,37.5,2.06,0.77,0.13,0.33,12,3.09,2,0.52,111,22,18,6,100,135,74.1,3,2,4,1,9,4,4,13,0,1,0
Son Heung-min,5,6,11,5,0,3.5,3.5,5.9,9.3,0.46,0.55,1.01,0.46,1.01,0.32,0.54,0.85,0.32,0.85,30,16,53.3,2.74,1.46,0.17,0.31,64,5.85,8,0.73,335,65,41,17,371,457,81.2,28,20,32,5,6,3,3,9,0,8,0
Stefan Ortega,0,0,0,0,0,0.0,0.0,0.0,0.0,0.0,0.0,0.0,0.0,0.0,0.0,0.0,0.0,0.0,0.0,0,0,0.0,0.0,0.0,0.0,0.0,0,0.0,0,0.0,0,0,0,0,110,129,85.3,0,1,0,0,0,0,0,0,0,4,0
Stephy Mavididi,2,0,2,2,0,1.1,1.1,1.0,2.1,0.24,0.0,0.24,0.24,0.24,0.13,0.12,0.24,0.13,0.24,12,3,25.0,1.42,0.36,0.17,0.67,29,3.43,6,0.71,199,28,51,21,219,295,74.2,12,14,17,2,16,11,2,18,1,4,0
Sávio,0,2,2,0,0,2.1,2.1,3.5,5.6,0.0,0.25,0.25,0.0,0.25,0.26,0.44,0.71,0.26,0.71,20,7,35.0,2.52,0.88,0.0,0.0,52,6.56,5,0.63,389,69,57,26,315,401,78.6,21,5,30,6,16,10,1,17,0,2,1
Séamus Coleman,0,0,0,0,0,0.6,0.6,0.0,0.6,0.0,0.0,0.0,0.0,0.0,0.57,0.0,0.57,0.57,0.57,1,1,100.0,1.0,1.0,0.0,0.0,1,1.0,0,0.0,10,2,2,2,32,43,74.4,0,3,0,0,1,0,0,1,1,2,0
Taiwo Awoniyi,0,0,0,0,0,0.4,0.4,0.1,0.5,0.0,0.0,0.0,0.0,0.0,0.19,0.03,0.22,0.19,0.22,4,1,25.0,1.76,0.44,0.0,0.0,4,1.76,0,0.0,41,11,3,1,28,43,65.1,1,1,1,0,2,1,0,2,0,3,0
Takehiro Tomiyasu,0,0,0,0,0,0.2,0.2,0.0,0.2,0.0,0.0,0.0,0.0,0.0,2.37,0.0,2.37,2.37,2.37,1,0,0.0,12.86,0.0,0.0,0.0,1,12.86,0,0.0,2,1,0,0,3,4,75.0,0,0,0,0,0,0,0,0,0,1,0
Tariq Lamptey,1,2,3,1,0,0.1,0.1,0.4,0.5,0.38,0.76,1.14,0.38,1.14,0.04,0.15,0.19,0.04,0.19,2,1,50.0,0.76,0.38,0.5,1.0,5,1.91,2,0.76,37,1,9,3,103,120,85.8,3,3,2,2,4,4,3,7,1,7,0
Taylor Harwood-Bellis,1,0,1,1,0,1.2,1.2,0.4,1.6,0.07,0.0,0.07,0.07,0.07,0.09,0.03,0.12,0.09,0.12,10,4,40.0,0.74,0.3,0.1,0.25,14,1.03,2,0.15,66,20,1,1,953,1074,88.7,7,87,4,0,9,6,13,22,23,57,3
Thiago,0,0,0,0,0,0.1,0.1,0.1,0.2,0.0,0.0,0.0,0.0,0.0,0.07,0.05,0.11,0.07,0.11,1,0,0.0,0.68,0.0,0.0,0.0,2,1.36,0,0.0,23,2,3,2,28,39,71.8,2,1,1,0,2,2,2,4,0,2,1
Thomas Partey,2,1,3,2,0,1.2,1.2,1.3,2.5,0.15,0.07,0.22,0.15,0.22,0.09,0.09,0.19,0.09,0.19,12,4,33.3,0.89,0.3,0.17,0.5,21,1.55,6,0.44,241,12,10,5,740,836,88.5,8,68,18,1,40,28,15,55,5,27,2
Tim Iroegbunam,0,0,0,0,0,0.2,0.2,0.1,0.3,0.0,0.0,0.0,0.0,0.0,0.05,0.02,0.07,0.05,0.07,4,0,0.0,0.94,0.0,0.0,0.0,9,2.11,0,0.0,41,11,12,5,70,99,70.7,2,8,1,0,18,9,8,26,0,5,1
Timo Werner,0,3,3,0,0,1.0,1.0,2.5,3.4,0.0,0.68,0.68,0.0,0.68,0.22,0.55,0.77,0.22,0.77,8,3,37.5,1.8,0.68,0.0,0.0,14,3.13,3,0.67,164,31,15,7,122,185,65.9,9,2,13,2,2,2,1,3,1,6,0
Timothy Castagne,0,0,0,0,0,0.1,0.1,0.0,0.1,0.0,0.0,0.0,0.0,0.0,0.03,0.0,0.03,0.03,0.03,2,1,50.0,0.98,0.49,0.0,0.0,1,0.49,0,0.0,23,3,2,1,99,115,86.1,0,3,0,0,5,3,2,7,0,13,0
Toby Collyer,0,0,0,0,0,0.0,0.0,0.1,0.1,0.0,0.0,0.0,0.0,0.0,0.0,0.15,0.15,0.0,0.15,0,0,0.0,0.0,0.0,0.0,0.0,2,4.0,0,0.0,7,1,1,1,15,19,78.9,1,1,0,0,4,3,0,4,0,1,0
Tom Cairney,1,0,1,1,0,0.0,0.0,0.5,0.5,0.51,0.0,0.51,0.51,0.51,0.02,0.25,0.26,0.02,0.26,1,1,100.0,0.51,0.51,1.0,1.0,12,6.07,2,1.01,70,5,5,3,173,188,92.0,5,23,5,2,5,1,3,8,1,1,1
Tommy Doyle,0,1,1,0,0,0.5,0.5,0.4,0.8,0.0,0.27,0.27,0.0,0.27,0.13,0.1,0.23,0.13,0.23,7,2,28.6,1.9,0.54,0.0,0.0,14,3.81,2,0.54,43,2,5,4,214,261,82.0,6,31,2,0,7,3,2,9,2,6,0
Tomáš Souček,4,0,4,4,0,2.7,2.7,0.5,3.2,0.37,0.0,0.37,0.37,0.37,0.24,0.05,0.29,0.24,0.29,29,7,24.1,2.65,0.64,0.14,0.57,26,2.38,2,0.18,124,52,3,0,288,382,75.4,10,33,5,0,16,9,9,25,5,33,0
Tosin Adarabioyo,0,0,0,0,0,0.3,0.3,0.0,0.3,0.0,0.0,0.0,0.0,0.0,0.08,0.0,0.08,0.08,0.08,4,0,0.0,1.02,0.0,0.0,0.0,6,1.53,0,0.0,5,4,1,1,247,269,91.8,1,8,0,0,5,4,3,8,2,16,0
Toti Gomes,0,1,1,0,0,0.0,0.0,0.6,0.7,0.0,0.08,0.08,0.0,0.08,0.0,0.05,0.05,0.0,0.05,2,0,0.0,0.17,0.0,0.0,0.0,9,0.75,1,0.08,42,7,12,9,552,660,83.6,4,36,2,0,22,16,6,28,8,57,1
Trent Alexander-Arnold,0,3,3,0,0,0.5,0.5,3.4,3.9,0.0,0.26,0.26,0.0,0.26,0.04,0.29,0.34,0.04,0.34,13,2,15.4,1.13,0.17,0.0,0.0,37,3.2,7,0.61,239,15,15,5,539,761,70.8,25,59,19,5,35,28,9,44,5,16,0
Trevoh Chalobah,2,0,2,2,0,0.9,0.9,0.4,1.3,0.2,0.0,0.2,0.2,0.2,0.09,0.04,0.13,0.09,0.13,8,3,37.5,0.82,0.31,0.25,0.67,7,0.72,0,0.0,37,11,7,4,285,360,79.2,4,24,2,1,18,14,17,35,9,48,3
Tyler Adams,0,0,0,0,0,1.0,1.0,0.4,1.5,0.0,0.0,0.0,0.0,0.0,0.27,0.12,0.39,0.27,0.39,4,1,25.0,1.04,0.26,0.0,0.0,10,2.61,0,0.0,36,6,2,0,116,139,83.5,4,9,1,0,20,13,14,34,3,9,0
Tyler Dibling,1,0,1,1,0,1.1,1.1,1.2,2.3,0.1,0.0,0.1,0.1,0.1,0.11,0.12,0.22,0.11,0.22,15,6,40.0,1.45,0.58,0.07,0.17,36,3.48,3,0.29,191,22,63,22,241,301,80.1,13,19,13,1,16,11,4,20,2,6,0
Tyrell Malacia,0,0,0,0,0,0.0,0.0,0.0,0.0,0.0,0.0,0.0,0.0,0.0,0.0,0.0,0.0,0.0,0.0,0,0,0.0,0.0,0.0,0.0,0.0,0,0.0,0,0.0,6,0,1,1,22,23,95.7,0,0,1,0,1,0,1,2,0,0,0
Tyrick Mitchell,0,2,2,0,0,0.3,0.3,2.8,3.1,0.0,0.13,0.13,0.0,0.13,0.02,0.18,0.2,0.02,0.2,5,1,20.0,0.33,0.07,0.0,0.0,38,2.47,2,0.13,248,23,14,6,472,654,72.2,17,29,13,8,41,29,7,48,4,41,1
Tyrone Mings,0,0,0,0,0,0.2,0.2,0.0,0.2,0.0,0.0,0.0,0.0,0.0,0.16,0.0,0.16,0.16,0.16,2,0,0.0,2.0,0.0,0.0,0.0,1,1.0,0,0.0,2,2,0,0,36,40,90.0,0,4,1,0,1,1,0,1,1,6,0
Valentino Livramento,0,0,0,0,0,0.0,0.0,0.5,0.6,0.0,0.0,0.0,0.0,0.0,0.0,0.04,0.04,0.0,0.04,1,0,0.0,0.08,0.0,0.0,0.0,16,1.27,0,0.0,183,7,19,9,526,638,82.4,8,37,11,4,21,14,12,33,6,45,1
Victor Bernth Kristiansen,0,1,1,0,0,0.0,0.0,1.0,1.0,0.0,0.07,0.07,0.0,0.07,0.0,0.07,0.07,0.0,0.07,0,0,0.0,0.0,0.0,0.0,0.0,23,1.7,3,0.22,140,3,10,4,515,676,76.2,13,34,14,11,50,31,16,66,10,37,2
Victor Lindelöf,0,0,0,0,0,0.0,0.0,0.0,0.0,0.0,0.0,0.0,0.0,0.0,0.0,0.03,0.03,0.0,0.03,0,0,0.0,0.0,0.0,0.0,0.0,2,2.9,0,0.0,6,2,0,0,35,38,92.1,1,4,2,1,3,0,2,5,0,4,0
Virgil van Dijk,1,1,2,1,0,0.9,0.9,0.3,1.2,0.07,0.07,0.13,0.07,0.13,0.06,0.02,0.08,0.06,0.08,10,3,30.0,0.67,0.2,0.1,0.33,18,1.2,3,0.2,49,19,2,1,1090,1191,91.5,5,87,3,0,10,4,28,38,3,69,2
Vitaliy Mykolenko,0,0,0,0,0,0.3,0.3,0.3,0.6,0.0,0.0,0.0,0.0,0.0,0.02,0.03,0.05,0.02,0.05,9,0,0.0,0.73,0.0,0.0,0.0,15,1.22,1,0.08,149,12,8,2,366,487,75.2,8,31,10,4,19,14,12,31,3,46,1
Vitaly Janelt,1,3,4,1,0,0.6,0.6,1.9,2.5,0.08,0.23,0.31,0.08,0.31,0.04,0.15,0.19,0.04,0.19,10,3,30.0,0.78,0.23,0.1,0.33,18,1.4,3,0.23,148,15,9,3,462,556,83.1,10,45,15,6,17,10,11,28,4,32,1
Vitezslav Jaros,0,0,0,0,0,0.0,0.0,0.0,0.0,0.0,0.0,0.0,0.0,0.0,0.0,0.0,0.0,0.0,0.0,0,0,0.0,0.0,0.0,0.0,0.0,0,0.0,0,0.0,0,0,0,0,6,8,75.0,0,2,0,0,0,0,0,0,0,0,0
Vladimír Coufal,0,0,0,0,0,0.0,0.0,0.2,0.2,0.0,0.0,0.0,0.0,0.0,0.01,0.06,0.06,0.01,0.06,1,0,0.0,0.28,0.0,0.0,0.0,6,1.65,1,0.28,55,4,5,0,140,185,75.7,2,13,3,1,4,2,2,6,2,7,1
Wataru Endo,0,0,0,0,0,0.0,0.0,0.0,0.0,0.0,0.0,0.0,0.0,0.0,0.0,0.08,0.08,0.0,0.08,0,0,0.0,0.0,0.0,0.0,0.0,1,3.91,0,0.0,8,1,1,1,19,20,95.0,1,1,0,0,3,2,1,4,0,1,0
Wes Burns,0,1,1,0,0,0.3,0.3,1.6,1.9,0.0,0.14,0.14,0.0,0.14,0.05,0.22,0.26,0.05,0.26,5,1,20.0,0.69,0.14,0.0,0.0,12,1.65,1,0.14,124,13,17,5,119,188,63.3,9,5,7,6,7,7,7,14,1,7,2
Wesley Fofana,0,0,0,0,0,0.4,0.4,0.4,0.8,0.0,0.0,0.0,0.0,0.0,0.04,0.04,0.07,0.04,0.07,2,0,0.0,0.18,0.0,0.0,0.0,11,0.98,0,0.0,43,9,13,7,630,703,89.6,5,44,1,0,13,12,12,25,9,49,2
Wilfred Ndidi,0,4,4,0,0,1.4,1.4,1.4,2.8,0.0,0.3,0.3,0.0,0.3,0.1,0.1,0.2,0.1,0.2,12,6,50.0,0.89,0.44,0.0,0.0,16,1.19,3,0.22,141,36,23,11,430,534,80.5,9,36,6,1,48,28,9,57,12,47,0
Will Hughes,0,2,2,0,0,0.6,0.6,1.3,1.8,0.0,0.2,0.2,0.0,0.2,0.06,0.13,0.19,0.06,0.19,10,1,10.0,1.02,0.1,0.0,0.0,37,3.76,5,0.51,140,7,8,2,317,412,76.9,17,38,8,3,37,18,6,43,4,6,0
Will Lankshear,0,0,0,0,0,0.0,0.0,0.0,0.0,0.0,0.0,0.0,0.0,0.0,0.0,0.0,0.0,0.0,0.0,0,0,0.0,0.0,0.0,0.0,0.0,0,0.0,0,0.0,1,0,0,0,0,1,0.0,0,0,0,0,0,0,0,0,0,0,0
William Osula,0,0,0,0,0,0.0,0.0,0.1,0.1,0.0,0.0,0.0,0.0,0.0,0.0,0.26,0.26,0.0,0.26,0,0,0.0,0.0,0.0,0.0,0.0,1,3.0,0,0.0,4,1,1,1,2,3,66.7,1,0,1,0,0,0,0,0,0,0,0
William Saliba,2,0,2,2,0,1.9,1.9,0.5,2.3,0.14,0.0,0.14,0.14,0.14,0.13,0.03,0.16,0.13,0.16,3,2,66.7,0.21,0.14,0.67,1.0,11,0.77,0,0.0,47,11,5,4,950,1009,94.2,2,67,1,0,36,22,10,46,5,43,2
William Smallbone,0,0,0,0,0,0.3,0.3,0.3,0.6,0.0,0.0,0.0,0.0,0.0,0.11,0.11,0.23,0.11,0.23,4,0,0.0,1.49,0.0,0.0,0.0,9,3.36,0,0.0,72,11,1,1,91,127,71.7,3,3,1,1,7,3,0,7,0,2,1
Willy Boly,0,0,0,0,0,0.1,0.1,0.0,0.1,0.0,0.0,0.0,0.0,0.0,0.07,0.0,0.07,0.07,0.07,1,1,100.0,0.98,0.98,0.0,0.0,0,0.0,0,0.0,2,1,0,0,44,55,80.0,0,2,0,0,5,1,1,6,1,11,0
Wilson Odobert,0,0,0,0,0,0.4,0.4,0.1,0.5,0.0,0.0,0.0,0.0,0.0,0.23,0.03,0.27,0.23,0.27,6,0,0.0,3.33,0.0,0.0,0.0,4,2.24,0,0.0,65,13,10,3,59,78,75.6,3,3,3,0,5,2,0,5,0,1,1
Wout Faes,1,0,1,1,0,0.9,0.9,0.0,1.0,0.07,0.0,0.07,0.07,0.07,0.07,0.0,0.07,0.07,0.07,7,1,14.3,0.52,0.07,0.14,1.0,4,0.3,0,0.0,37,13,4,3,549,641,85.6,2,45,5,0,18,13,11,29,18,85,3
Yankuba Minteh,2,1,3,2,0,1.2,1.2,1.6,2.9,0.35,0.18,0.53,0.35,0.53,0.22,0.28,0.5,0.22,0.5,9,3,33.3,1.58,0.53,0.22,0.67,19,3.35,4,0.71,153,40,37,13,97,157,61.8,10,7,9,3,8,6,5,13,0,5,0
Yasin Ayari,0,0,0,0,0,0.9,0.9,1.0,1.9,0.0,0.0,0.0,0.0,0.0,0.1,0.12,0.21,0.1,0.21,11,3,27.3,1.24,0.34,0.0,0.0,29,3.27,1,0.11,150,22,28,10,305,378,80.7,14,22,9,1,32,15,8,40,2,10,0
Yehor Yarmoliuk,0,0,0,0,0,0.4,0.4,0.1,0.5,0.0,0.0,0.0,0.0,0.0,0.09,0.03,0.12,0.09,0.12,5,1,20.0,1.14,0.23,0.0,0.0,8,1.82,2,0.46,79,6,11,5,200,241,83.0,3,20,4,2,12,9,6,18,5,10,0
Yerson Mosquera,0,0,0,0,0,0.3,0.3,0.1,0.4,0.0,0.0,0.0,0.0,0.0,0.07,0.02,0.09,0.07,0.09,2,0,0.0,0.41,0.0,0.0,0.0,5,1.02,0,0.0,12,7,0,0,205,240,85.4,2,16,1,1,11,7,10,21,10,14,0
Yoane Wissa,9,1,10,9,0,6.3,6.3,0.7,7.0,0.85,0.09,0.94,0.85,0.94,0.59,0.07,0.66,0.59,0.66,23,14,60.9,2.16,1.32,0.39,0.64,25,2.35,5,0.47,140,47,13,6,184,237,77.6,8,20,1,0,3,2,3,6,1,4,0
Youri Tielemans,0,4,4,0,0,1.4,0.6,4.0,4.6,0.0,0.26,0.26,0.0,0.26,0.09,0.26,0.35,0.04,0.3,10,2,20.0,0.66,0.13,0.0,0.0,60,3.93,6,0.39,253,13,24,12,805,971,82.9,37,115,19,3,35,23,14,49,6,16,2
Yukinari Sugawara,1,1,2,1,0,0.3,0.3,2.0,2.4,0.11,0.11,0.23,0.11,0.23,0.04,0.23,0.27,0.04,0.27,7,2,28.6,0.79,0.23,0.14,0.5,25,2.83,1,0.11,168,14,11,6,424,521,81.4,12,32,13,4,20,12,6,26,5,25,2
Yunus Emre Konak,0,0,0,0,0,0.2,0.2,0.0,0.2,0.0,0.0,0.0,0.0,0.0,0.69,0.0,0.69,0.69,0.69,1,0,0.0,4.5,0.0,0.0,0.0,0,0.0,0,0.0,8,0,1,0,12,16,75.0,0,1,0,0,1,1,0,1,0,0,0
Yves Bissouma,2,0,2,2,0,0.3,0.3,0.2,0.5,0.24,0.0,0.24,0.24,0.24,0.04,0.03,0.06,0.04,0.06,4,2,50.0,0.49,0.24,0.5,1.0,12,1.47,0,0.0,100,2,16,6,421,470,89.6,4,36,7,0,26,17,10,36,2,18,1
Álex Moreno,0,1,1,0,0,0.2,0.2,1.0,1.1,0.0,0.11,0.11,0.0,0.11,0.02,0.11,0.13,0.02,0.13,6,0,0.0,0.69,0.0,0.0,0.0,10,1.14,2,0.23,125,6,18,7,243,342,71.1,4,19,7,1,24,18,14,38,4,32,0
İlkay Gündoğan,0,1,1,0,0,1.6,1.6,1.3,2.9,0.0,0.09,0.09,0.0,0.09,0.14,0.11,0.25,0.14,0.25,15,3,20.0,1.3,0.26,0.0,0.0,38,3.29,3,0.26,379,33,20,10,739,832,88.8,20,48,11,1,13,7,10,23,0,14,0
Łukasz Fabiański,0,0,0,0,0,0.0,0.0,0.0,0.0,0.0,0.0,0.0,0.0,0.0,0.0,0.0,0.0,0.0,0.0,0,0,0.0,0.0,0.0,0.0,0.0,3,0.4,0,0.0,0,0,0,0,160,251,63.7,0,3,0,0,0,0,0,0,0,3,0
